-- MySQL dump 10.13  Distrib 8.0.13, for Win64 (x86_64)
--
-- Host: localhost    Database: carsystem
-- ------------------------------------------------------
-- Server version	5.7.9

/*!40101 SET @OLD_CHARACTER_SET_CLIENT=@@CHARACTER_SET_CLIENT */;
/*!40101 SET @OLD_CHARACTER_SET_RESULTS=@@CHARACTER_SET_RESULTS */;
/*!40101 SET @OLD_COLLATION_CONNECTION=@@COLLATION_CONNECTION */;
 SET NAMES utf8 ;
/*!40103 SET @OLD_TIME_ZONE=@@TIME_ZONE */;
/*!40103 SET TIME_ZONE='+00:00' */;
/*!40014 SET @OLD_UNIQUE_CHECKS=@@UNIQUE_CHECKS, UNIQUE_CHECKS=0 */;
/*!40014 SET @OLD_FOREIGN_KEY_CHECKS=@@FOREIGN_KEY_CHECKS, FOREIGN_KEY_CHECKS=0 */;
/*!40101 SET @OLD_SQL_MODE=@@SQL_MODE, SQL_MODE='NO_AUTO_VALUE_ON_ZERO' */;
/*!40111 SET @OLD_SQL_NOTES=@@SQL_NOTES, SQL_NOTES=0 */;

--
-- Table structure for table `car`
--

DROP TABLE IF EXISTS `car`;
/*!40101 SET @saved_cs_client     = @@character_set_client */;
 SET character_set_client = utf8mb4 ;
CREATE TABLE `car` (
  `id` int(11) NOT NULL AUTO_INCREMENT,
  `mainId` int(11) DEFAULT NULL,
  `shipperId` int(11) DEFAULT NULL,
  `vendorId` int(11) DEFAULT NULL,
  `customerId` int(11) DEFAULT NULL,
  `uuid` varchar(255) CHARACTER SET utf8mb4 DEFAULT NULL,
  `description` varchar(255) CHARACTER SET utf8mb4 DEFAULT NULL,
  `year` varchar(255) CHARACTER SET utf8mb4 DEFAULT NULL,
  `container` varchar(255) CHARACTER SET utf8mb4 DEFAULT NULL,
  `seal` varchar(255) CHARACTER SET utf8mb4 DEFAULT NULL,
  `inlandStatus` varchar(255) CHARACTER SET utf8mb4 DEFAULT NULL,
  `cargoRecieved` datetime DEFAULT NULL,
  `titleRecieved` int(11) DEFAULT NULL,
  `dvl` datetime DEFAULT NULL,
  `stRecieved` datetime DEFAULT NULL,
  `origin` int(11) DEFAULT NULL,
  `destination` int(11) DEFAULT NULL,
  `etd` datetime DEFAULT NULL,
  `eta` datetime DEFAULT NULL,
  `loadrequest` int(11) DEFAULT NULL,
  `releaseOption` int(11) DEFAULT NULL,
  `consigneeId` int(11) DEFAULT NULL,
  `state` int(11) DEFAULT NULL,
  `landcost` int(11) DEFAULT NULL,
  `seacost` int(11) DEFAULT NULL,
  `fees` int(11) DEFAULT NULL,
  `commision` int(11) DEFAULT NULL,
  `lastUpdate` datetime DEFAULT NULL,
  `storageStartDate` datetime DEFAULT NULL,
  `storageEndDate` datetime DEFAULT NULL,
  `note` varchar(255) CHARACTER SET utf8mb4 DEFAULT NULL,
  `make` varchar(255) CHARACTER SET utf8mb4 DEFAULT NULL,
  `model` varchar(255) CHARACTER SET utf8mb4 DEFAULT NULL,
  `bodyStyle` varchar(255) CHARACTER SET utf8mb4 DEFAULT NULL,
  `engineType` varchar(255) CHARACTER SET utf8mb4 DEFAULT NULL,
  `engineLiters` varchar(255) CHARACTER SET utf8mb4 DEFAULT NULL,
  `color` varchar(255) CHARACTER SET utf8mb4 DEFAULT NULL,
  `assemlyCountry` varchar(255) CHARACTER SET utf8mb4 DEFAULT NULL,
  `photoExist` int(11) DEFAULT NULL,
  `docExist` int(11) DEFAULT NULL,
  `type` int(11) DEFAULT NULL,
  PRIMARY KEY (`id`),
  KEY `mainIdkey_idx` (`mainId`),
  KEY `shipperIdKey_idx` (`shipperId`),
  KEY `vendorIdKey_idx` (`vendorId`),
  KEY `customerIdKey_idx` (`customerId`),
  KEY `consigneeIdKey_idx` (`consigneeId`),
  CONSTRAINT `consigneeIdKey` FOREIGN KEY (`consigneeId`) REFERENCES `consignee` (`id`) ON DELETE NO ACTION ON UPDATE NO ACTION,
  CONSTRAINT `customerIdKey` FOREIGN KEY (`customerId`) REFERENCES `customer` (`id`) ON DELETE NO ACTION ON UPDATE NO ACTION,
  CONSTRAINT `mainIdkey` FOREIGN KEY (`mainId`) REFERENCES `user` (`id`) ON DELETE NO ACTION ON UPDATE NO ACTION,
  CONSTRAINT `shipperIdKey` FOREIGN KEY (`shipperId`) REFERENCES `shipper` (`id`) ON DELETE NO ACTION ON UPDATE NO ACTION,
  CONSTRAINT `vendorIdKey` FOREIGN KEY (`vendorId`) REFERENCES `vendor` (`id`) ON DELETE NO ACTION ON UPDATE NO ACTION
) ENGINE=InnoDB AUTO_INCREMENT=18 DEFAULT CHARSET=latin1;
/*!40101 SET character_set_client = @saved_cs_client */;

--
-- Dumping data for table `car`
--

LOCK TABLES `car` WRITE;
/*!40000 ALTER TABLE `car` DISABLE KEYS */;
INSERT INTO `car` VALUES (11,1,10,NULL,NULL,'klasdkmlasdlmkasdlm','Zewail city','2020','kdsds','lksdklsdk','giza','2019-06-26 18:22:41',0,'2019-06-21 18:25:39','2019-06-05 20:37:26',371,1412,'2019-06-14 20:37:19','2019-06-18 20:37:24',1,1,NULL,0,2323,788,2322,998,'2019-06-04 18:14:38','2019-05-29 18:14:32',NULL,'please read it','BMW','X5','klslklds','ksdlksdlk','sdsd','lkmlmk','مصر',1,1,NULL),(12,1,10,1,1,'lkkllksdsd','Dakrory','2017','osdfksdf','lskldflksdf','Giza','2019-06-15 15:56:52',1,'2019-06-22 15:56:56','2019-06-26 15:57:05',1,4265,'2019-06-17 15:43:21','2019-09-17 15:57:02',1,1,2,2,550,500,25,122,'2019-06-17 15:09:53','2019-06-01 16:29:16',NULL,'','BMW','222','4 doors','klmlk','','','مصر',1,0,0),(13,1,15,3,NULL,'sdklsdklsdkldssd232323sd','mohamed','2020','osdfksdf','lskldflksdf','klmkl','2019-06-01 13:59:27',2,'2019-06-01 13:59:22','2019-06-01 13:59:30',39,1412,'2019-07-01 15:54:52','2019-06-01 13:59:25',0,1,2,6,123,13,2322,122,'2019-06-06 13:41:25','2019-06-01 13:59:55','2019-06-08 18:15:27','please read it','BMW','X5','4 doors','4cyl','4liter','black','مصر',1,1,0),(14,1,10,NULL,NULL,'lksdklsdlksdsd22k23k23','','','','','',NULL,3,'2019-06-15 11:25:08',NULL,371,1408,NULL,NULL,0,0,NULL,6,NULL,NULL,NULL,NULL,'2019-06-06 14:26:16',NULL,NULL,'','','','','','','','',0,0,1),(15,1,10,1,1,'klasdkmlasdlmkasd','','2017','https://www.google.com','','',NULL,1,NULL,NULL,381,1531,NULL,NULL,0,0,NULL,4,1,600,5,5,'2019-06-27 09:55:04',NULL,NULL,'','BMW','222','sdfsdf','ksdlksdlk','lkmmkl','black','مصر',1,0,1),(16,1,10,2,NULL,'lkkllksdsd23232','','2020','','','',NULL,2,NULL,NULL,381,1531,NULL,NULL,0,0,1,0,100,110,100,100,'2019-06-16 14:17:33',NULL,NULL,'','Toyota xxxx','crola','sdfsdf','ksdlksdlk','4liter','black','مصر',0,0,1),(17,1,10,NULL,NULL,'Ahmed Car','Dakrory','','osdfksdf','lskldflksdf','giza','2019-06-05 12:22:58',3,'2019-06-11 01:29:41','2019-06-26 12:23:04',-1,4341,'2019-06-22 12:23:00','2019-09-17 15:57:02',1,1,NULL,5,33454,4545,45,4545,'2019-06-20 12:47:59','2019-06-03 15:43:10',NULL,'','sdf','','4 doors','In-Line- 6 Cylinders','','black','Egypt',0,0,0);
/*!40000 ALTER TABLE `car` ENABLE KEYS */;
UNLOCK TABLES;

--
-- Table structure for table `carimage`
--

DROP TABLE IF EXISTS `carimage`;
/*!40101 SET @saved_cs_client     = @@character_set_client */;
 SET character_set_client = utf8mb4 ;
CREATE TABLE `carimage` (
  `id` int(11) NOT NULL AUTO_INCREMENT,
  `url` varchar(45) DEFAULT NULL,
  `carId` int(11) DEFAULT NULL,
  `type` int(11) DEFAULT NULL,
  PRIMARY KEY (`id`),
  KEY `carId_idx` (`carId`),
  CONSTRAINT `carId` FOREIGN KEY (`carId`) REFERENCES `car` (`id`) ON DELETE NO ACTION ON UPDATE NO ACTION
) ENGINE=InnoDB AUTO_INCREMENT=11 DEFAULT CHARSET=latin1;
/*!40101 SET character_set_client = @saved_cs_client */;

--
-- Dumping data for table `carimage`
--

LOCK TABLES `carimage` WRITE;
/*!40000 ALTER TABLE `carimage` DISABLE KEYS */;
INSERT INTO `carimage` VALUES (10,'img4274661209426590217.png',15,0);
/*!40000 ALTER TABLE `carimage` ENABLE KEYS */;
UNLOCK TABLES;

--
-- Table structure for table `consignee`
--

DROP TABLE IF EXISTS `consignee`;
/*!40101 SET @saved_cs_client     = @@character_set_client */;
 SET character_set_client = utf8mb4 ;
CREATE TABLE `consignee` (
  `id` int(11) NOT NULL AUTO_INCREMENT,
  `userId` int(11) DEFAULT NULL,
  `other` text,
  `notes` text,
  `allowAccess` int(11) DEFAULT NULL,
  `parentId` int(11) DEFAULT NULL,
  PRIMARY KEY (`id`),
  KEY `useridForCongnie_idx` (`userId`),
  KEY `parentIdShipper_idx` (`parentId`),
  CONSTRAINT `parentIdShipper` FOREIGN KEY (`parentId`) REFERENCES `shipper` (`id`) ON DELETE NO ACTION ON UPDATE NO ACTION,
  CONSTRAINT `useridForCongnie` FOREIGN KEY (`userId`) REFERENCES `user` (`id`) ON DELETE NO ACTION ON UPDATE NO ACTION
) ENGINE=InnoDB AUTO_INCREMENT=4 DEFAULT CHARSET=latin1;
/*!40101 SET character_set_client = @saved_cs_client */;

--
-- Dumping data for table `consignee`
--

LOCK TABLES `consignee` WRITE;
/*!40000 ALTER TABLE `consignee` DISABLE KEYS */;
INSERT INTO `consignee` VALUES (1,18,'','sdklsdklsdklsdk',1,15),(2,19,'','m,sdowekl',0,15),(3,20,'','klsdlkmlmk2323lmk23',0,15);
/*!40000 ALTER TABLE `consignee` ENABLE KEYS */;
UNLOCK TABLES;

--
-- Table structure for table `customer`
--

DROP TABLE IF EXISTS `customer`;
/*!40101 SET @saved_cs_client     = @@character_set_client */;
 SET character_set_client = utf8mb4 ;
CREATE TABLE `customer` (
  `id` int(11) NOT NULL AUTO_INCREMENT,
  `userId` int(11) DEFAULT NULL,
  `idType` int(11) DEFAULT NULL,
  `other` mediumtext,
  `notes` mediumtext,
  `allowAccess` int(11) NOT NULL DEFAULT '0',
  `parentId` int(11) DEFAULT NULL,
  `salesRep` mediumtext,
  `idNumber` varchar(255) DEFAULT NULL,
  PRIMARY KEY (`id`),
  KEY `userIdx_idx` (`userId`),
  KEY `dataCustomervendor_idx` (`parentId`),
  CONSTRAINT `dataCustomervendor` FOREIGN KEY (`parentId`) REFERENCES `vendor` (`id`) ON DELETE NO ACTION ON UPDATE NO ACTION,
  CONSTRAINT `newUserData` FOREIGN KEY (`userId`) REFERENCES `user` (`id`) ON DELETE NO ACTION ON UPDATE NO ACTION
) ENGINE=InnoDB AUTO_INCREMENT=3 DEFAULT CHARSET=latin1;
/*!40101 SET character_set_client = @saved_cs_client */;

--
-- Dumping data for table `customer`
--

LOCK TABLES `customer` WRITE;
/*!40000 ALTER TABLE `customer` DISABLE KEYS */;
INSERT INTO `customer` VALUES (1,14,3,'','',0,1,'okokok','9012912n'),(2,15,1,'','',0,2,'okopok','');
/*!40000 ALTER TABLE `customer` ENABLE KEYS */;
UNLOCK TABLES;

--
-- Table structure for table `invoice`
--

DROP TABLE IF EXISTS `invoice`;
/*!40101 SET @saved_cs_client     = @@character_set_client */;
 SET character_set_client = utf8mb4 ;
CREATE TABLE `invoice` (
  `id` int(11) NOT NULL AUTO_INCREMENT,
  `date` datetime DEFAULT NULL,
  `userIdIssuer` int(11) DEFAULT NULL,
  `userIdCustomer` int(11) DEFAULT NULL,
  `bankName` varchar(255) DEFAULT NULL,
  `bankTelephone` varchar(45) DEFAULT NULL,
  `bankAddress` varchar(255) DEFAULT NULL,
  `bankAccountNumber` varchar(45) DEFAULT NULL,
  PRIMARY KEY (`id`),
  KEY `idCustomerUser_idx` (`userIdIssuer`),
  KEY `idIssuerUser_idx` (`userIdCustomer`)
) ENGINE=MyISAM AUTO_INCREMENT=10 DEFAULT CHARSET=latin1;
/*!40101 SET character_set_client = @saved_cs_client */;

--
-- Dumping data for table `invoice`
--

LOCK TABLES `invoice` WRITE;
/*!40000 ALTER TABLE `invoice` DISABLE KEYS */;
INSERT INTO `invoice` VALUES (9,'2019-06-27 09:49:24',1,8,'CIB','01061690939','1 omda st from fasel talbya','3543214354135435435'),(8,'2019-06-27 09:18:04',11,12,'NSBC','01061690939','1 omda st from fasel talbya','123123123123'),(7,'2019-06-26 13:30:48',1,6,'gh','01061690939','1 omda st from fasel talbya','768678'),(6,'2019-06-26 11:39:32',1,9,'CIB','01061690939','1 omda st from fasel talbya','32654321354');
/*!40000 ALTER TABLE `invoice` ENABLE KEYS */;
UNLOCK TABLES;

--
-- Table structure for table `invoicecar`
--

DROP TABLE IF EXISTS `invoicecar`;
/*!40101 SET @saved_cs_client     = @@character_set_client */;
 SET character_set_client = utf8mb4 ;
CREATE TABLE `invoicecar` (
  `id` int(11) NOT NULL AUTO_INCREMENT,
  `carId` int(11) DEFAULT NULL,
  `invoiceId` int(11) DEFAULT NULL,
  PRIMARY KEY (`id`),
  KEY `invoiceId_idx` (`invoiceId`),
  KEY `carId_idx` (`carId`)
) ENGINE=MyISAM AUTO_INCREMENT=19 DEFAULT CHARSET=latin1;
/*!40101 SET character_set_client = @saved_cs_client */;

--
-- Dumping data for table `invoicecar`
--

LOCK TABLES `invoicecar` WRITE;
/*!40000 ALTER TABLE `invoicecar` DISABLE KEYS */;
INSERT INTO `invoicecar` VALUES (14,17,9),(13,11,9),(12,13,8),(11,11,7),(10,15,6),(9,13,6),(8,11,6),(15,14,9),(16,11,9),(17,17,9),(18,15,9);
/*!40000 ALTER TABLE `invoicecar` ENABLE KEYS */;
UNLOCK TABLES;

--
-- Table structure for table `quote`
--

DROP TABLE IF EXISTS `quote`;
/*!40101 SET @saved_cs_client     = @@character_set_client */;
 SET character_set_client = utf8mb4 ;
CREATE TABLE `quote` (
  `id` int(11) NOT NULL AUTO_INCREMENT,
  `shipperId` int(11) DEFAULT NULL,
  `dateOfShipment` datetime DEFAULT NULL,
  `dimensions` int(11) DEFAULT NULL,
  `commodity` int(11) DEFAULT NULL,
  `comDescription` varchar(255) DEFAULT NULL,
  `width` float DEFAULT NULL,
  `height` float DEFAULT NULL,
  `depth` float DEFAULT NULL,
  `movetype` int(11) DEFAULT NULL,
  `quantity` int(11) DEFAULT NULL,
  `pieces` int(11) DEFAULT NULL,
  `mode` int(11) DEFAULT NULL,
  `loadtype` int(11) DEFAULT NULL,
  `declaredvalue` varchar(255) DEFAULT NULL,
  `fromCountry` int(11) DEFAULT NULL,
  `fromState` int(11) DEFAULT NULL,
  `fromPort` int(11) DEFAULT NULL,
  `toCountry` int(11) DEFAULT NULL,
  `toState` int(11) DEFAULT NULL,
  `toPort` int(11) DEFAULT NULL,
  `note` varchar(255) DEFAULT NULL,
  `weight` float DEFAULT NULL,
  `marineInsurance` int(11) DEFAULT NULL,
  PRIMARY KEY (`id`)
) ENGINE=MyISAM AUTO_INCREMENT=4 DEFAULT CHARSET=latin1;
/*!40101 SET character_set_client = @saved_cs_client */;

--
-- Dumping data for table `quote`
--

LOCK TABLES `quote` WRITE;
/*!40000 ALTER TABLE `quote` DISABLE KEYS */;
INSERT INTO `quote` VALUES (1,15,'2019-06-13 12:57:20',2,0,'',NULL,13,NULL,0,NULL,0,1,1,'121',366,17,57,312,9,1533,'okokok',NULL,1),(2,15,NULL,2,1,'okokok',15,15,15,0,55,7,2,2,'',312,2,60,311,7,1408,NULL,22.5,1),(3,15,'2019-06-27 12:54:43',1,0,'hamededed',13,12,15,1,1665,0,2,2,'ahmedDakrory',366,8,501,366,3,1365,'asdmnkasdnklasdklasd',33.5,1);
/*!40000 ALTER TABLE `quote` ENABLE KEYS */;
UNLOCK TABLES;

--
-- Table structure for table `shipper`
--

DROP TABLE IF EXISTS `shipper`;
/*!40101 SET @saved_cs_client     = @@character_set_client */;
 SET character_set_client = utf8mb4 ;
CREATE TABLE `shipper` (
  `id` int(11) NOT NULL AUTO_INCREMENT,
  `userId` int(11) DEFAULT NULL,
  `idType` int(11) DEFAULT NULL,
  `other` mediumtext,
  `notes` mediumtext,
  `allowAccess` int(11) NOT NULL DEFAULT '0',
  `parentId` int(11) DEFAULT NULL,
  `salesRep` varchar(45) DEFAULT NULL,
  `idNumber` varchar(255) DEFAULT NULL,
  PRIMARY KEY (`id`),
  UNIQUE KEY `id_UNIQUE` (`id`),
  KEY `idUser_idx` (`userId`),
  KEY `idMainUnder_idx` (`parentId`),
  KEY `underMainId` (`parentId`),
  CONSTRAINT `idUser` FOREIGN KEY (`userId`) REFERENCES `user` (`id`) ON DELETE NO ACTION ON UPDATE NO ACTION,
  CONSTRAINT `mainParentKey` FOREIGN KEY (`parentId`) REFERENCES `user` (`id`) ON DELETE NO ACTION ON UPDATE NO ACTION
) ENGINE=InnoDB AUTO_INCREMENT=18 DEFAULT CHARSET=latin1;
/*!40101 SET character_set_client = @saved_cs_client */;

--
-- Dumping data for table `shipper`
--

LOCK TABLES `shipper` WRITE;
/*!40000 ALTER TABLE `shipper` DISABLE KEYS */;
INSERT INTO `shipper` VALUES (10,6,1,'','',1,1,'',''),(11,7,2,'','',0,1,'','15666546'),(12,8,1,'','',1,1,'',''),(13,9,3,'','',0,1,'','123456'),(14,10,1,'','',0,1,'',NULL),(15,11,1,'lkslkdlk','sdfdwoeidmomew',0,1,'asdlkasdlk','3132135161'),(16,16,1,'','',0,1,'ok','ok'),(17,22,1,'','',0,1,'','');
/*!40000 ALTER TABLE `shipper` ENABLE KEYS */;
UNLOCK TABLES;

--
-- Table structure for table `transportfee`
--

DROP TABLE IF EXISTS `transportfee`;
/*!40101 SET @saved_cs_client     = @@character_set_client */;
 SET character_set_client = utf8mb4 ;
CREATE TABLE `transportfee` (
  `id` int(11) NOT NULL AUTO_INCREMENT,
  `location` varchar(45) DEFAULT NULL,
  `city` varchar(45) DEFAULT NULL,
  `state` varchar(45) DEFAULT NULL,
  `njPortCost` varchar(45) DEFAULT NULL,
  `gaPortCost` varchar(45) DEFAULT NULL,
  `txPortCost` varchar(45) DEFAULT NULL,
  `caPortCost` varchar(45) DEFAULT NULL,
  `lowCost` varchar(45) DEFAULT NULL,
  `highCost` varchar(45) DEFAULT NULL,
  PRIMARY KEY (`id`)
) ENGINE=InnoDB AUTO_INCREMENT=573 DEFAULT CHARSET=latin1;
/*!40101 SET character_set_client = @saved_cs_client */;

--
-- Dumping data for table `transportfee`
--

LOCK TABLES `transportfee` WRITE;
/*!40000 ALTER TABLE `transportfee` DISABLE KEYS */;
INSERT INTO `transportfee` VALUES (1,'BIRMINGHAM','HUETOWN','AL','0','400','0','0','875','1100'),(2,'HUNTSVILLE','HUNTSVILLE','AL','0','425','0','0','875','1100'),(3,'MOBILE','EIGHT MILE','AL','0','400','0','0','875','1100'),(4,'MONTGOMERY','MONTGOMERY','AL','0','400','0','0','875','1100'),(5,'BIRMINGHAM','BESSEMER','AL','0','400','0','0','875','1100'),(6,'DOTHAN','HEADLAND','AL','0','400','0','0','875','1100'),(7,'HUNTSVILLE','ATHENS','AL','0','400','0','0','875','1100'),(8,'BIRMINGHAM','MOODY','AL','0','425','0','0','875','1100'),(9,'TANNER','TANNER','AL','0','450','0','0','875','1100'),(10,'Fayetteville','PRAIRIE GROVE','AR','0','0','425','0','975','1200'),(11,'Little Rock','CONWAY','AR','0','0','425','0','975','1200'),(12,'Fayetteville','Lincoln','AR','0','0','425','0','975','1200'),(13,'Little Rock','Scott','AR','0','0','425','0','975','1200'),(14,'PHOENIX','PHOENIX','AZ','0','0','0','300','1050','1400'),(15,'TUCSON','TUCSON','AZ','0','0','0','425','1050','1400'),(16,'PHOENIX','PHOENIX','AZ','0','0','0','300','1050','1400'),(17,'TUCSON','TUCSON','AZ','0','0','0','425','1050','1400'),(18,'ARIZONA','PHOENIX','AZ','0','0','0','300','1050','1400'),(19,'PNOENIX','TOLLESON','AZ','0','0','0','400','1050','1400'),(20,'TUCSON','TUCSON','AZ','0','0','0','475','1050','1400'),(21,'PHOENIX','CHANDLER','AZ','0','0','0','350','1050','1400'),(22,'BAKERSFIELD','BAKERSFIELD','CA','0','0','0','275','1050','1400'),(23,'FRESNO','FRESNO','CA','0','0','0','350','1050','1400'),(24,'HAYWARD','HAYWARD','CA','0','0','0','400','1050','1400'),(25,'LOS ANGELES','LOS ANGELES','CA','0','0','0','150','1050','1400'),(26,'MARTINEZ','MARTINEZ','CA','0','0','0','375','1050','1400'),(27,'RANCHO CUCAMONGA','RANCHO CUCAMONGA','CA','0','0','0','225','1050','1400'),(28,'SACRAMENTO','SACRAMENTO','CA','0','0','0','375','1050','1400'),(29,'SAN BERNARDINO','COLTON','CA','0','0','0','200','1050','1400'),(30,'SAN DIEGO','SAN DIEGO','CA','0','0','0','225','1050','1400'),(31,'SAN JOSE','SAN MARTIN','CA','0','0','0','350','1050','1400'),(32,'SOUTH SACRAMENTO','SACRAMENTO','CA','0','0','0','375','1050','1400'),(33,'VALLEJO','VALLEJO','CA','0','0','0','375','1050','1400'),(34,'VAN NUYS','VAN NUYS','CA','0','0','0','175','1050','1400'),(35,'ANAHEIM','ANAHEIM','CA','0','0','0','200','1050','1400'),(36,'COLTON','COLTON','CA','0','0','0','200','1050','1400'),(37,'EAST BAY','BAY POINT','CA','0','0','0','325','1050','1400'),(38,'FRESNO','FRESNO','CA','0','0','0','375','1050','1400'),(39,'FONTANA','FONTANA','CA','0','0','0','225','1050','1400'),(40,'FREMONT','FREMONT','CA','0','0','0','375','1050','1400'),(41,'HIGH DESERT','HESPERIA','CA','0','0','0','375','1050','1400'),(42,'LOS ANGELES','GARDENA','CA','0','0','0','150','1050','1400'),(43,'NORTH HOLLYWOOD','NORTH HOLLYWOOD','CA','0','0','0','150','1050','1400'),(44,'SACRAMENTO','RANCHO CORDOVA','CA','0','0','0','375','1050','1400'),(45,'SAN DIEGO','SAN DIEGO','CA','0','0','0','225','1050','1400'),(46,'CALIFORNIA','ANAHEIM','CA','0','0','0','175','1050','1400'),(47,'CENTRAL CALIFORNIA','FRESNO','CA','0','0','0','375','1050','1400'),(48,'RIVERSIDE','RIVERSIDE','CA','0','0','0','375','1050','1400'),(49,'SAN DIEGO','OCEANSIDE','CA','0','0','0','250','1050','1400'),(50,'SAN FRANCISCO BAY','HAYWARD','CA','0','0','0','375','1050','1400'),(51,'SOUTHERN CALIFORNIA','FONTANA','CA','0','0','0','225','1050','1400'),(52,'SAN DIEGO','SAN DIEGO','CA','0','0','0','225','1050','1400'),(53,'SACRAMENTO','SACRAMENTO','CA','0','0','0','375','1050','1400'),(54,'LOS ANGELES','MIRA LOMA','CA','0','0','0','375','1050','1400'),(55,'SUN VALLEY','SUN VALLEY','CA','0','0','0','200','1050','1400'),(56,'GOLDEN GATE','TRACY','CA','0','0','0','550','1050','1400'),(57,'DENVER','BRIGHTON','CO','0','0','525','550','1050','1400'),(58,'DENVER','DENVER','CO','0','0','525','550','1050','1400'),(59,'WESTERN COLORADO','DELTA','CO','0','0','525','525','1050','1400'),(60,'COLORADO','COMMERCE CITY','CO','0','0','525','550','1050','1400'),(61,'DENVER','AURORA','CO','0','0','525','550','1050','1400'),(62,'COLORADO SPRINGS','FOUNTAIN','CO','0','0','525','550','1050','1400'),(63,'Hartford','East Windsor','CT','250','0','0','0','875','1100'),(64,'Hartford-South','Middletown','CT','250','0','0','0','875','1100'),(65,'HARTFORD','NEW BRITAIN','CT','250','0','0','0','875','1100'),(66,'New Castle','New Castle','DE','275','0','0','0','875','1100'),(67,'SEAFORD','SEAFORD','DE','275','0','0','0','875','1100'),(68,'FORT PIERCE','FORT PIERCE','FL','0','350','0','0','875','1100'),(69,'JACKSONVILLE EAST','JACKSONVILLE','FL','0','225','0','0','875','1100'),(70,'JACKSONVILLE WEST','JACKSONVILLE','FL','0','225','0','0','875','1100'),(71,'MIAMI CENTRAL','MIAMI','FL','0','350','0','0','875','1100'),(72,'MIAMI NORTH','MIAMI','FL','0','350','0','0','875','1100'),(73,'OCALA','OCALA','FL','0','350','0','0','875','1100'),(74,'ORLANDO','ORLANDO','FL','0','300','0','0','875','1100'),(75,'PUNTA GORDA','PUNTA GORDA','FL','0','350','0','0','875','1100'),(76,'TALLAHASSEE','MIDWAY','FL','0','350','0','0','875','1100'),(77,'TAMPA EAST','DOVER','FL','0','300','0','0','875','1100'),(78,'TAMPA SOUTH','RIVERVIEW','FL','0','300','0','0','875','1100'),(79,'WEST PALM BEACH','WEST PALM BEACH','FL','0','375','0','0','875','1100'),(80,'CLEARWATER','CLEARWATER','FL','0','350','0','0','875','1100'),(81,'JACKSONVILLE','JACKSONVILLE','FL','0','225','0','0','875','1100'),(82,'MIAMI','OPA LOCKA','FL','0','350','0','0','875','1100'),(83,'MIAMI NORTH','PEMBROKE PINES','FL','0','350','0','0','875','1100'),(84,'ORLANDO NORTH','SANFORD','FL','0','275','0','0','875','1100'),(85,'ORLANDO','ORLANDO','FL','0','300','0','0','875','1100'),(86,'PENSACOLA','MILTON','FL','0','350','0','0','875','1100'),(87,'TAMPA','PALMETTO','FL','0','350','0','0','875','1100'),(88,'CENTRAL FLORIDA','ORLANDO','FL','0','350','0','0','875','1100'),(89,'DAYTONA BEACH','DAYTONA BEACH','FL','0','350','0','0','875','1100'),(90,'FORT LAUDERDALE','DAVIE','FL','0','350','0','0','875','1100'),(91,'FORT MYERS','FORT MYERS','FL','0','350','0','0','875','1100'),(92,'IMPERIAL FLORIDA','LAKELAND','FL','0','350','0','0','875','1100'),(93,'JACKSONVILLE','JACKSONVILLE','FL','0','225','0','0','875','1100'),(94,'LAKELAND','LAKELAND','FL','0','350','0','0','875','1100'),(95,'ORLANDO','OCOEE','FL','0','350','0','0','875','1100'),(96,'PALM BEACH','WEST PALM BEACH','FL','0','375','0','0','875','1100'),(97,'PENSACOLA','PENSACOLA','FL','0','375','0','0','875','1100'),(98,'SAINT PETE','CLEARWATER','FL','0','325','0','0','875','1100'),(99,'TAMPA','TAMPA','FL','0','300','0','0','875','1100'),(100,'MIAMI','OPA LOCKA','FL','0','350','0','0','875','1100'),(101,'SARASOTA','BRADENTON','FL','0','350','0','0','875','1100'),(102,'TAMPA','TAMPA','FL','0','300','0','0','875','1100'),(103,'OCALA','OCALA','FL','0','350','0','0','875','1100'),(104,'JACKSONVILLE','JACKSONVILLE','FL','0','225','0','0','875','1100'),(105,'ATLANTA EAST','LOGANVILLE','GA','0','275','0','0','875','1100'),(106,'ATLANTA WEST','AUSTELL','GA','0','275','0','0','875','1100'),(107,'SAVANNAH','SAVANNAH','GA','0','125','0','0','875','1100'),(108,'TIFTON','TIFTON','GA','0','275','0','0','875','1100'),(109,'ATLANTA EAST','WINDER','GA','0','275','0','0','875','1100'),(110,'ATLANTA NORTH','ACWORTH','GA','0','275','0','0','875','1100'),(111,'ATLANTA','LOGANVILLE','GA','0','275','0','0','875','1100'),(112,'ATLANTA SOUTH','LAKE CITY','GA','0','275','0','0','875','1100'),(113,'SAVANNAH','RINCON','GA','0','125','0','0','875','1100'),(114,'TIFTON','TIFTON','GA','0','275','0','0','875','1100'),(115,'GEORGIA','ATLANTA','GA','0','300','0','0','875','1100'),(116,'DRIVE CENTER','STOCKBRIDGE','GA','0','325','0','0','875','1100'),(117,'GEORGIA','ATLANTA','GA','0','325','0','0','875','1100'),(118,'METRO ATLANTA','ATLANTA','GA','0','325','0','0','875','1100'),(119,'ATLANTA','FAIRBURN','GA','0','325','0','0','875','1100'),(120,'CARTERSVILLE','CARTERSVILLE','GA','0','300','0','0','875','1100'),(121,'BOISE','NAMPA','ID','0','0','0','600','875','1100'),(122,'BOISE','CALDWELL','ID','0','0','0','600','875','1100'),(123,'CHICAGO NORTH','ELGIN','IL','475','0','0','0','875','1100'),(124,'CHICAGO SOUTH','CHICAGO HEIGHTS','IL','475','0','0','0','875','1100'),(125,'PEORIA','PEKIN','IL','500','0','0','0','875','1100'),(126,'CHICAGO WEST','AURORA','IL','475','0','0','0','875','1100'),(127,'CHICAGO NORTH','WHEELING','IL','475','0','0','0','875','1100'),(128,'CHICAGO SOUTH','MARKHAM','IL','475','0','0','0','875','1100'),(129,'LINCOLN','LINCOLN','IL','525','0','0','0','875','1100'),(130,'SPECIALTY DIVISION','WHEELING','IL','575','0','0','0','875','1100'),(131,'SAINT LOUIS','GRANITE CITY','IL','550','0','0','0','875','1100'),(132,'ARENA ILLINOIS','BOLINGBROOK','IL','475','0','0','0','875','1100'),(133,'CHICAGO','MATTESON','IL','475','0','0','0','875','1100'),(134,'METRO CHICAGO','AISIP','IL','500','0','0','0','875','1100'),(135,'Chicago North','East Dundee','IL','475','0','0','0','875','1100'),(136,'SOUTHERN ILLINOIS','Saint Louis','IL','500','0','0','0','875','1100'),(137,'HAMMOND','HAMMOND','IN','475','0','0','0','875','1100'),(138,'INDIANAPOLIS','INDIANAPOLIS','IN','475','0','0','0','875','1100'),(139,'INDIANAPOLIS','INDIANAPOLIS','IN','475','0','0','0','875','1100'),(140,'SOUTH BEND','SOUTH BEND','IN','475','0','0','0','875','1100'),(141,'FORT WAYNE','FORT WAYNE','IN','475','0','0','0','875','1100'),(142,'INDIANAPOLIS','INDIANAPOLIS','IN','475','0','0','0','875','1100'),(143,'LOUISVILLE','CLARKSVILLE','IN','475','0','0','0','875','1100'),(144,'INDIANAPOLIS','PLAINFIELD','IN','475','0','0','0','875','1100'),(145,'DES MOINES','DES MOINES','IA','650','0','0','0','875','1100'),(146,'DES MOINES','DES MOINES','IA','650','0','0','0','875','1100'),(147,'DES MOINES','GRIMES','IA','725','0','0','0','875','1100'),(148,'Davenport','Davenport','IA','650','0','0','0','875','1100'),(149,'KANSAS CITY','KANSAS CITY','KS','0','0','475','0','975','1200'),(150,'WICHITA','WICHITA','KS','0','0','475','0','975','1200'),(151,'KANSAS CITY','KANSAS CITY','KS','0','0','475','0','975','1200'),(152,'WICHITA','WICHITA','KS','0','0','475','0','975','1200'),(153,'LEXINGTON EAST','LEXINGTON','KY','525','0','0','0','875','1100'),(154,'LEXINGTON WEST','LAWRENCEBURG','KY','525','0','0','0','875','1100'),(155,'LOUISVILLE','LOUISVILLE','KY','525','0','0','0','875','1100'),(156,'WALTON','WALTON','KY','525','0','0','0','875','1100'),(157,'ASHLAND','ASHLAND','KY','500','0','0','0','875','1100'),(158,'BOWLING GREEN','BOWLING GREEN','KY','525','0','0','0','875','1100'),(159,'PADUCAH','PADUCAH','KY','550','0','0','0','875','1100'),(160,'BIRMINGHAM','HUETOWN','AL','0','400','0','0','875','1100'),(161,'HUNTSVILLE','HUNTSVILLE','AL','0','425','0','0','875','1100'),(162,'MOBILE','EIGHT MILE','AL','0','400','0','0','875','1100'),(163,'MONTGOMERY','MONTGOMERY','AL','0','400','0','0','875','1100'),(164,'BIRMINGHAM','BESSEMER','AL','0','400','0','0','875','1100'),(165,'DOTHAN','HEADLAND','AL','0','400','0','0','875','1100'),(166,'HUNTSVILLE','ATHENS','AL','0','400','0','0','875','1100'),(167,'BIRMINGHAM','MOODY','AL','0','425','0','0','875','1100'),(168,'TANNER','TANNER','AL','0','450','0','0','875','1100'),(169,'Fayetteville','PRAIRIE GROVE','AR','0','0','425','0','975','1200'),(170,'Little Rock','CONWAY','AR','0','0','425','0','975','1200'),(171,'Fayetteville','Lincoln','AR','0','0','425','0','975','1200'),(172,'Little Rock','Scott','AR','0','0','425','0','975','1200'),(173,'PHOENIX','PHOENIX','AZ','0','0','0','300','1050','1400'),(174,'TUCSON','TUCSON','AZ','0','0','0','425','1050','1400'),(175,'PHOENIX','PHOENIX','AZ','0','0','0','300','1050','1400'),(176,'TUCSON','TUCSON','AZ','0','0','0','425','1050','1400'),(177,'ARIZONA','PHOENIX','AZ','0','0','0','300','1050','1400'),(178,'PNOENIX','TOLLESON','AZ','0','0','0','400','1050','1400'),(179,'TUCSON','TUCSON','AZ','0','0','0','475','1050','1400'),(180,'PHOENIX','CHANDLER','AZ','0','0','0','350','1050','1400'),(181,'BAKERSFIELD','BAKERSFIELD','CA','0','0','0','275','1050','1400'),(182,'FRESNO','FRESNO','CA','0','0','0','350','1050','1400'),(183,'HAYWARD','HAYWARD','CA','0','0','0','400','1050','1400'),(184,'LOS ANGELES','LOS ANGELES','CA','0','0','0','150','1050','1400'),(185,'MARTINEZ','MARTINEZ','CA','0','0','0','375','1050','1400'),(186,'RANCHO CUCAMONGA','RANCHO CUCAMONGA','CA','0','0','0','225','1050','1400'),(187,'SACRAMENTO','SACRAMENTO','CA','0','0','0','375','1050','1400'),(188,'SAN BERNARDINO','COLTON','CA','0','0','0','200','1050','1400'),(189,'SAN DIEGO','SAN DIEGO','CA','0','0','0','225','1050','1400'),(190,'SAN JOSE','SAN MARTIN','CA','0','0','0','350','1050','1400'),(191,'SOUTH SACRAMENTO','SACRAMENTO','CA','0','0','0','375','1050','1400'),(192,'VALLEJO','VALLEJO','CA','0','0','0','375','1050','1400'),(193,'VAN NUYS','VAN NUYS','CA','0','0','0','175','1050','1400'),(194,'ANAHEIM','ANAHEIM','CA','0','0','0','200','1050','1400'),(195,'COLTON','COLTON','CA','0','0','0','200','1050','1400'),(196,'EAST BAY','BAY POINT','CA','0','0','0','325','1050','1400'),(197,'FRESNO','FRESNO','CA','0','0','0','375','1050','1400'),(198,'FONTANA','FONTANA','CA','0','0','0','225','1050','1400'),(199,'FREMONT','FREMONT','CA','0','0','0','375','1050','1400'),(200,'HIGH DESERT','HESPERIA','CA','0','0','0','375','1050','1400'),(201,'LOS ANGELES','GARDENA','CA','0','0','0','150','1050','1400'),(202,'NORTH HOLLYWOOD','NORTH HOLLYWOOD','CA','0','0','0','150','1050','1400'),(203,'SACRAMENTO','RANCHO CORDOVA','CA','0','0','0','375','1050','1400'),(204,'SAN DIEGO','SAN DIEGO','CA','0','0','0','225','1050','1400'),(205,'CALIFORNIA','ANAHEIM','CA','0','0','0','175','1050','1400'),(206,'CENTRAL CALIFORNIA','FRESNO','CA','0','0','0','375','1050','1400'),(207,'RIVERSIDE','RIVERSIDE','CA','0','0','0','1050','1050','1400'),(208,'SAN DIEGO','OCEANSIDE','CA','0','0','0','250','1050','1400'),(209,'SAN FRANCISCO BAY','HAYWARD','CA','0','0','0','375','1050','1400'),(210,'SOUTHERN CALIFORNIA','FONTANA','CA','0','0','0','225','1050','1400'),(211,'SAN DIEGO','SAN DIEGO','CA','0','0','0','225','1050','1400'),(212,'SACRAMENTO','SACRAMENTO','CA','0','0','0','375','1050','1400'),(213,'LOS ANGELES','MIRA LOMA','CA','0','0','0','1050','1050','1400'),(214,'SUN VALLEY','SUN VALLEY','CA','0','0','0','200','1050','1400'),(215,'GOLDEN GATE','TRACY','CA','0','0','0','1050','1050','1400'),(216,'DENVER','BRIGHTON','CO','0','0','525','550','1050','1400'),(217,'DENVER','DENVER','CO','0','0','525','550','1050','1400'),(218,'WESTERN COLORADO','DELTA','CO','0','0','1050','1050','1050','1400'),(219,'COLORADO','COMMERCE CITY','CO','0','0','525','550','1050','1400'),(220,'DENVER','AURORA','CO','0','0','525','550','1050','1400'),(221,'COLORADO SPRINGS','FOUNTAIN','CO','0','0','525','550','1050','1400'),(222,'Hartford','East Windsor','CT','250','0','0','0','875','1100'),(223,'Hartford-South','Middletown','CT','250','0','0','0','875','1100'),(224,'HARTFORD','NEW BRITAIN','CT','250','0','0','0','875','1100'),(225,'New Castle','New Castle','DE','275','0','0','0','875','1100'),(226,'SEAFORD','SEAFORD','DE','275','0','0','0','875','1100'),(227,'FORT PIERCE','FORT PIERCE','FL','0','350','0','0','875','1100'),(228,'JACKSONVILLE EAST','JACKSONVILLE','FL','0','225','0','0','875','1100'),(229,'JACKSONVILLE WEST','JACKSONVILLE','FL','0','225','0','0','875','1100'),(230,'MIAMI CENTRAL','MIAMI','FL','0','350','0','0','875','1100'),(231,'MIAMI NORTH','MIAMI','FL','0','350','0','0','875','1100'),(232,'OCALA','OCALA','FL','0','350','0','0','875','1100'),(233,'ORLANDO','ORLANDO','FL','0','300','0','0','875','1100'),(234,'PUNTA GORDA','PUNTA GORDA','FL','0','350','0','0','875','1100'),(235,'TALLAHASSEE','MIDWAY','FL','0','350','0','0','875','1100'),(236,'TAMPA EAST','DOVER','FL','0','300','0','0','875','1100'),(237,'TAMPA SOUTH','RIVERVIEW','FL','0','300','0','0','875','1100'),(238,'WEST PALM BEACH','WEST PALM BEACH','FL','0','375','0','0','875','1100'),(239,'CLEARWATER','CLEARWATER','FL','0','350','0','0','875','1100'),(240,'JACKSONVILLE','JACKSONVILLE','FL','0','225','0','0','875','1100'),(241,'MIAMI','OPA LOCKA','FL','0','350','0','0','875','1100'),(242,'MIAMI NORTH','PEMBROKE PINES','FL','0','350','0','0','875','1100'),(243,'ORLANDO NORTH','SANFORD','FL','0','275','0','0','875','1100'),(244,'ORLANDO','ORLANDO','FL','0','300','0','0','875','1100'),(245,'PENSACOLA','MILTON','FL','0','350','0','0','875','1100'),(246,'TAMPA','PALMETTO','FL','0','350','0','0','875','1100'),(247,'CENTRAL FLORIDA','ORLANDO','FL','0','350','0','0','875','1100'),(248,'DAYTONA BEACH','DAYTONA BEACH','FL','0','350','0','0','875','1100'),(249,'FORT LAUDERDALE','DAVIE','FL','0','350','0','0','875','1100'),(250,'FORT MYERS','FORT MYERS','FL','0','350','0','0','875','1100'),(251,'IMPERIAL FLORIDA','LAKELAND','FL','0','350','0','0','875','1100'),(252,'JACKSONVILLE','JACKSONVILLE','FL','0','225','0','0','875','1100'),(253,'LAKELAND','LAKELAND','FL','0','350','0','0','875','1100'),(254,'ORLANDO','OCOEE','FL','0','350','0','0','875','1100'),(255,'PALM BEACH','WEST PALM BEACH','FL','0','375','0','0','875','1100'),(256,'PENSACOLA','PENSACOLA','FL','0','375','0','0','875','1100'),(257,'SAINT PETE','CLEARWATER','FL','0','325','0','0','875','1100'),(258,'TAMPA','TAMPA','FL','0','300','0','0','875','1100'),(259,'MIAMI','OPA LOCKA','FL','0','350','0','0','875','1100'),(260,'SARASOTA','BRADENTON','FL','0','350','0','0','875','1100'),(261,'TAMPA','TAMPA','FL','0','300','0','0','875','1100'),(262,'OCALA','OCALA','FL','0','350','0','0','875','1100'),(263,'JACKSONVILLE','JACKSONVILLE','FL','0','225','0','0','875','1100'),(264,'ATLANTA EAST','LOGANVILLE','GA','0','275','0','0','875','1100'),(265,'ATLANTA WEST','AUSTELL','GA','0','275','0','0','875','1100'),(266,'SAVANNAH','SAVANNAH','GA','0','125','0','0','875','1100'),(267,'TIFTON','TIFTON','GA','0','275','0','0','875','1100'),(268,'ATLANTA EAST','WINDER','GA','0','275','0','0','875','1100'),(269,'ATLANTA NORTH','ACWORTH','GA','0','275','0','0','875','1100'),(270,'ATLANTA','LOGANVILLE','GA','0','275','0','0','875','1100'),(271,'ATLANTA SOUTH','LAKE CITY','GA','0','275','0','0','875','1100'),(272,'SAVANNAH','RINCON','GA','0','125','0','0','875','1100'),(273,'TIFTON','TIFTON','GA','0','275','0','0','875','1100'),(274,'GEORGIA','ATLANTA','GA','0','300','0','0','875','1100'),(275,'DRIVE CENTER','STOCKBRIDGE','GA','0','325','0','0','875','1100'),(276,'GEORGIA','ATLANTA','GA','0','325','0','0','875','1100'),(277,'METRO ATLANTA','ATLANTA','GA','0','325','0','0','875','1100'),(278,'ATLANTA','FAIRBURN','GA','0','325','0','0','875','1100'),(279,'CARTERSVILLE','CARTERSVILLE','GA','0','300','0','0','875','1100'),(280,'BOISE','NAMPA','ID','0','0','0','600','1050','1400'),(281,'BOISE','CALDWELL','ID','0','0','','600','1050','1400'),(282,'CHICAGO NORTH','ELGIN','IL','475','0','0','0','875','1100'),(283,'CHICAGO SOUTH','CHICAGO HEIGHTS','IL','475','0','0','0','875','1100'),(284,'PEORIA','PEKIN','IL','500','0','0','0','875','1100'),(285,'CHICAGO WEST','AURORA','IL','475','0','0','0','875','1100'),(286,'CHICAGO NORTH','WHEELING','IL','475','0','0','0','875','1100'),(287,'CHICAGO SOUTH','MARKHAM','IL','475','0','0','0','875','1100'),(288,'LINCOLN','LINCOLN','IL','525','0','0','0','875','1100'),(289,'SPECIALTY DIVISION','WHEELING','IL','575','0','0','0','875','1100'),(290,'SAINT LOUIS','GRANITE CITY','IL','550','0','0','0','875','1100'),(291,'ARENA ILLINOIS','BOLINGBROOK','IL','475','0','0','0','875','1100'),(292,'CHICAGO','MATTESON','IL','475','0','0','0','875','1100'),(293,'METRO CHICAGO','AISIP','IL','500','0','0','0','875','1100'),(294,'Chicago North','East Dundee','IL','475','0','0','0','875','1100'),(295,'SOUTHERN ILLINOIS','Saint Louis','IL','500','0','0','0','875','1100'),(296,'HAMMOND','HAMMOND','IN','475','0','0','0','875','1100'),(297,'INDIANAPOLIS','INDIANAPOLIS','IN','475','0','0','0','875','1100'),(298,'INDIANAPOLIS','INDIANAPOLIS','IN','475','0','0','0','875','1100'),(299,'SOUTH BEND','SOUTH BEND','IN','475','0','0','0','875','1100'),(300,'FORT WAYNE','FORT WAYNE','IN','475','0','0','0','875','1100'),(301,'INDIANAPOLIS','INDIANAPOLIS','IN','475','0','0','0','875','1100'),(302,'LOUISVILLE','CLARKSVILLE','IN','475','0','0','0','875','1100'),(303,'INDIANAPOLIS','PLAINFIELD','IN','475','0','0','0','875','1100'),(304,'DES MOINES','DES MOINES','IA','650','0','0','0','875','1100'),(305,'DES MOINES','DES MOINES','IA','650','0','0','0','875','1100'),(306,'DES MOINES','GRIMES','IA','725','0','0','0','875','1100'),(307,'Davenport','Davenport','IA','650','0','0','0','875','1100'),(308,'KANSAS CITY','KANSAS CITY','KS','0','0','475','0','975','1200'),(309,'WICHITA','WICHITA','KS','0','0','475','0','975','1200'),(310,'KANSAS CITY','KANSAS CITY','KS','0','0','475','0','975','1200'),(311,'WICHITA','WICHITA','KS','0','0','475','0','975','1200'),(312,'LEXINGTON EAST','LEXINGTON','KY','525','0','0','0','875','1100'),(313,'LEXINGTON WEST','LAWRENCEBURG','KY','525','0','0','0','875','1100'),(314,'LOUISVILLE','LOUISVILLE','KY','525','0','0','0','875','1100'),(315,'WALTON','WALTON','KY','525','0','0','0','875','1100'),(316,'ASHLAND','ASHLAND','KY','500','0','0','0','875','1100'),(317,'BOWLING GREEN','BOWLING GREEN','KY','525','0','0','0','875','1100'),(318,'PADUCAH','PADUCAH','KY','550','0','0','0','875','1100'),(319,'LEXINGTON','LEXINGTON','KY','525','0','0','0','875','1100'),(320,'Louisville North','Eminence','KY','575','0','575','575','875','1100'),(321,'BATON ROUGE','GREENWELL SPRINGS','LA','0','0','325','0','975','1200'),(322,'LIVINGSTON','LIVINGSTON','LA','0','0','325','0','975','1200'),(323,'NEW ORLEANS','NEW ORLEANS','LA','0','0','325','0','975','1200'),(324,'SHREVEPORT','SHREVEPORT','LA','0','0','325','0','975','1200'),(325,'BATON ROUGE','LIVINGSTON','LA','0','0','300','0','975','1200'),(326,'LAFAYETTE','SCOTT','LA','0','0','325','0','975','1200'),(327,'NEW ORLEANS','SLIDELL','LA','0','0','325','0','975','1200'),(328,'SHREVEPORT','SHREVEPORT','LA','0','0','325','0','975','1200'),(329,'PORTLAND - SACO','SACO','ME','300','0','0','0','875','1100'),(330,'LYMAN','LYMAN','ME','300','0','0','0','875','1100'),(331,'Portland - Gorham','Gorham','ME','300','0','0','0','875','1100'),(332,'WASHINGTON DC','WALDORF','MD','300','0','0','0','875','1100'),(333,'BALTIMORE','FINKSBURG','MD','300','0','0','0','875','1100'),(334,'SALISBURY','FRUITLAND','MD','325','0','0','0','875','1100'),(335,'BALTIMORE','BALTIMORE','MD','300','0','0','0','875','1100'),(336,'LAUREL','LAUREL','MD','300','0','0','0','875','1100'),(337,'METRO DC','BRANDYWINE','MD','300','0','0','0','875','1100'),(338,'BALTIMORE - WASHINGTON','ELKRIDGE','MD','300','0','0','0','875','1100'),(339,'Dundalk','Dundalk','MD','300','0','0','0','875','1100'),(340,'NORTH BOSTON','NORTH BILLERICA','MA','325','0','0','0','875','1100'),(341,'SOUTH BOSTON','BELLINGHAM','MA','350','0','0','0','875','1100'),(342,'WEST WARREN','WEST WARREN','MA','350','0','0','0','875','1100'),(343,'BOSTON','LANCASTER','MA','350','0','0','0','875','1100'),(344,'TAUNTON','EAST TAUNTON','MA','350','0','0','0','875','1100'),(345,'NEW ENGLAND','NORTH DIGHTON','MA','350','0','0','0','875','1100'),(346,'BOSTON','FRAMINGHAM','MA','350','0','0','0','875','1100'),(347,'CONCORD','ACTON','MA','350','0','0','0','875','1100'),(348,'Boston - Shirley','Shirley','MA','350','0','0','0','875','1100'),(349,'DETROIT','WOODHAVEN','MI','525','0','0','0','875','1100'),(350,'LANSING','LANSING','MI','525','0','0','0','875','1100'),(351,'DETROIT','BELLEVILLE','MI','525','0','0','0','875','1100'),(352,'GRAND RAPIDS','BYRON CENTER','MI','525','0','0','0','875','1100'),(353,'DETROIT','CARLETON','MI','525','0','0','0','875','1100'),(354,'METRO DETROIT','FLAT ROCK','MI','575','0','0','0','875','1100'),(355,'LANSING','DIMONDALE','MI','525','0','0','0','875','1100'),(356,'KINCHELOE','KINCHELOE','MI','850','0','0','0','875','1100'),(357,'MINNEAPOLIS','FRIDLEY','MN','525','0','0','0','875','1100'),(358,'MINNEAPOLIS NORTH','HAM LAKE','MN','525','0','0','0','875','1100'),(359,'SAINT CLOUD','AVON','MN','525','0','0','0','875','1100'),(360,'MINNEAPOLIS','SAINT PAUL','MN','525','0','0','0','875','1100'),(361,'MINNEAPOLLIS','MAPLE GROVE','MN','525','0','0','0','875','1100'),(362,'NORTHSTAR MINNESOTA','SHAKOPEE','MN','525','0','0','0','875','1100'),(363,'MINNEAPOLIS','DAYTON','MN','525','0','0','0','875','1100'),(364,'JACKSON','FLORENCE','MS','0','450','0','0','875','1100'),(365,'JACKSON','JACKSON','MS','0','450','0','0','875','1100'),(366,'Gulf Coast','Moss Point','MS','0','450','0','0','875','1100'),(367,'Grenada','Grenada','MS','0','450','0','0','875','1100'),(368,'COLUMBIA','COLUMBIA','MO','550','0','0','0','875','1100'),(369,'SIKESTON','SIKESTON','MO','550','0','0','0','875','1100'),(370,'SPRINGFIELD','ROGERSVILLE','MO','550','0','0','0','875','1100'),(371,'SAINT LOUIS','BRIDGETON','MO','550','0','0','0','875','1100'),(372,'SPRINGFIELD','SPRINGFIELD','MOY','550','0','0','0','875','1100'),(373,'KANSAS CITY','KANSAS CITY','MO','550','0','0','0','875','1100'),(374,'MISSOURI','SPRINGFIELD','MO','550','0','0','0','875','1100'),(375,'SAINT LOUIS','BRIDGETON','MO','550','0','0','0','875','1100'),(376,'KANSAS CITY','BELTON','MO','550','0','0','0','875','1100'),(377,'SAINT LOUIS','BARNHART','MO','550','0','0','0','875','1100'),(378,'BILLINGS','BILLINGS','MT','1050','0','0','0','875','1100'),(379,'HELENA','HELENA','MT','1050','0','0','0','875','1100'),(380,'BILLINGS','BILLINGS','MT','1050','0','0','0','875','1100'),(381,'MISSOULA','MISSOULA','MT','1050','0','0','0','875','1100'),(382,'LINCOLN','GREENWOOD','NE','775','0','0','0','875','1100'),(383,'OMANA','OMAHA','NE','775','0','0','0','875','1100'),(384,'OMAHA','OMAHA','NE','775','0','0','0','875','1100'),(385,'Fargo','Fargo','ND','0','0','0','1100','1050','1400'),(386,'LAS VEGAS','LAS VEGAS','NV','0','0','0','300','1050','1400'),(387,'RENO','RENO','NV','0','0','0','400','1050','1400'),(388,'LAS VEGAS','HENDERSON','NV','0','0','0','300','1050','1400'),(389,'RENO','MCCARRAN','NV','0','0','0','400','1050','1400'),(390,'LAS VEGAS','LAS VEGAS','NV','0','0','0','300','1050','1400'),(391,'NEVADA','LAS VEGAS','NV','0','0','0','300','1050','1400'),(392,'MANCHESTER','SALEM','NH','400','0','0','0','875','1100'),(393,'CANDIA','CANDIA','NH','400','0','0','0','875','1100'),(394,'GLASSBORO EAST','GLASSBORO','NJ','200','0','0','0','875','1100'),(395,'SOMERVILLE','HILLSBOROUGH','NJ','150','0','0','0','875','1100'),(396,'TRENTON','WINDSOR','NJ','150','0','0','0','875','1100'),(397,'CENTRAL NEW JERSEY','MORGANVILLE','NJ','150','0','0','0','875','1100'),(398,'NORTHERN NEW JERSEY','CARTERET','NJ','125','0','0','0','875','1100'),(399,'SOUTHERN NEW JERSEY','TURNERSVILLE','NJ','200','0','0','0','875','1100'),(400,'NY METRO SKYLINE','FAIRFIELD','NJ','175','0','0','0','875','1100'),(401,'NEW JERSEY','BORDENTOWN','NJ','200','0','0','0','875','1100'),(402,'NEW JERSEY','MANVILLE','NJ','200','0','0','0','875','1100'),(403,'Avenel New Jersey','Avenel','NJ','125','0','0','0','875','1100'),(404,'ALBUQUERQUE','ALBUQUERQUE','NM','0','0','0','525','1050','1400'),(405,'ALBUQUERQUE','ALBUQUERQUE','NM','0','0','0','525','1050','1400'),(406,'NEW MEXICO','ALBUQUERQUE','NM','0','0','0','525','1050','1400'),(407,'ALBANY','ALBANY','NY','300','0','0','0','875','1100'),(408,'LONG ISLAND','BROOKHAVEN','NY','225','0','0','0','875','1100'),(409,'NEWBURGH','MARLBORO','NY','225','0','0','0','875','1100'),(410,'ROCHESTER','LE ROY','NY','350','0','0','0','875','1100'),(411,'SYRACUSE','CENTRAL SQUARE','NY','325','0','0','0','875','1100'),(412,'ALBANY','SCHENECTADY','NY','300','0','0','0','875','1100'),(413,'BUFFALO','BUFFALO','NY','400','0','0','0','875','1100'),(414,'LONG ISLAND','MEDFORD','NY','225','0','0','0','875','1100'),(415,'NEWBURGH','ROCK TAVERN','NY','225','0','0','0','875','1100'),(416,'ROCHESTER','ROCHESTER','NY','350','0','0','0','875','1100'),(417,'SYRACUSE','CICERO','NY','325','0','0','0','875','1100'),(418,'ALBANY','CLIFTON PARK','NY','350','0','0','0','875','1100'),(419,'NEW YORK','NEWBURGH','NY','250','0','0','0','875','1100'),(420,'BUFFALO','AKRON','NY','425','0','0','0','875','1100'),(421,'SYRACUSE','CICERO','NY','325','0','0','0','875','1100'),(422,'LONG ISLAND','YAPHANK','NY','300','0','0','0','875','1100'),(423,'CHINA GROVE','CHINA GROVE','NC','0','300','0','0','875','1100'),(424,'RALEIGH','DUNN','NC','0','300','0','0','875','1100'),(425,'ASHEVILLE','FLETCHER','NC','0','300','0','0','875','1100'),(426,'CONCORD','CONCORD','NC','0','300','0','0','875','1100'),(427,'CHARLOTTE','CHARLOTTE','NC','0','300','0','0','875','1100'),(428,'GREENSBORO','GRAHAM','NC','0','325','0','0','875','1100'),(429,'RALEIGH','CLAYTON','NC','0','300','0','0','875','1100'),(430,'WILMINGTON','CASTLE HAYNE','NC','0','350','0','0','875','1100'),(431,'NORTH CAROLINA','KENLY','NC','0','400','0','0','875','1100'),(432,'STATESVILLE','STATESVILLE','NC','0','400','0','0','875','1100'),(433,'RALEIGH','CLAYTON','NC','0','300','0','0','875','1100'),(434,'CHARLOTTE','CHARLOTTE','NC','0','300','0','0','875','1100'),(435,'MEBANE','MEBANE','NC','0','350','0','0','875','1100'),(436,'CLEVELAND EAST','NORTHFIELD','OH','450','0','0','0','875','1100'),(437,'CLEVELAND WEST','COLUMBIA STATION','OH','450','0','0','0','875','1100'),(438,'COLUMBUS','COLUMBUS','OH','450','0','0','0','875','1100'),(439,'AKRON - CANTON','NEW PHILADELPHIA','OH','450','0','0','0','875','1100'),(440,'COLUMBUS','GROVE CITY','OH','450','0','0','0','875','1100'),(441,'CINCINNATI','WEST CHESTER','OH','450','0','0','0','875','1100'),(442,'CLEVELAND','LORAIN','OH','450','0','0','0','875','1100'),(443,'CINCINNATI SOUTH','AMELIA','OH','450','0','0','0','875','1100'),(444,'DAYTON','DAYTON','OH','450','0','0','0','875','1100'),(445,'LIMA','LIMA','OH','450','0','0','0','875','1100'),(446,'CINCINNATI','HAMILTON','OH','450','0','0','0','875','1100'),(447,'OHIO','GROVE CITY','OH','450','0','0','0','875','1100'),(448,'DAYTON','DAYTON','OH','450','0','0','0','875','1100'),(449,'CLEVELAND','NORTHFIELD','OH','450','0','0','0','875','1100'),(450,'CINCINNATI','FRANKLIN','OH','450','0','0','0','875','1100'),(451,'OKLAHOMA CITY','OKLAHOMA CITY','OK','0','0','400','0','975','1200'),(452,'TULSA','TULSA','OK','0','0','400','0','975','1200'),(453,'OKLAHOMA CITY','OKLAHOMA CITY','OK','0','0','400','0','975','1200'),(454,'TULSA','TULSA','OK','0','0','400','0','975','1200'),(455,'EUGENE','EUGENE','OR','0','0','0','525','1050','1400'),(456,'PORTLAND','PORTLAND','OR','0','0','0','525','1050','1400'),(457,'WOODBURN','WOODBURN','OR','0','0','0','525','1050','1400'),(458,'EUGENE','EUGENE','OR','0','0','0','525','1050','1400'),(459,'PORTLAND','PORTLAND','OR','0','0','0','525','1050','1400'),(460,'PORTLAND','PORTLAND','OR','0','0','0','525','1050','1400'),(461,'ALTOONA','EBENSBURG','PA','375','0','0','0','875','1100'),(462,'CHAMBERSBURG','CHAMBERSBURG','PA','375','0','0','0','875','1100'),(463,'HARRISBURG','GRANTVILLE','PA','300','0','0','0','875','1100'),(464,'PHILADELPHIA','PENNSBURG','PA','200','0','0','0','875','1100'),(465,'Bridgeport','Bridgeport','PA','200','0','0','0','875','1100'),(466,'PITTSBURGH NORTH','ELLWOOD CITY','PA','400','0','0','0','875','1100'),(467,'PITTSBURGH SOUTH','WEST MIFFLIN','PA','400','0','0','0','875','1100'),(468,'YORK HAVEN','YORK HAVEN','PA','300','0','0','0','875','1100'),(469,'ALTOONA','EAST FREEDOM','PA','375','0','0','0','875','1100'),(470,'ERIE','GARLAND','PA','475','0','0','0','875','1100'),(471,'HARRISBURG','MANCHESTER','PA','325','0','0','0','875','1100'),(472,'PHILADELPHIA','CONSHOHOCKEN','PA','200','0','0','0','875','1100'),(473,'PITTSBURGH SOUTH','MOUNTAIN MORRIS','PA','400','0','0','0','875','1100'),(474,'Pittsburgh-North','GIBSONIA','PA','400','0','0','0','875','1100'),(475,'SCRANTON','PITTSTON','PA','275','0','0','0','875','1100'),(476,'CENTRAL PENN','GRANTVILLE','PA','275','0','0','0','875','1100'),(477,'PENNSYLVANIA','MANHEIM','PA','275','0','0','0','875','1100'),(478,'PHILADELPHIA','HATFIELD','PA','275','0','0','0','875','1100'),(479,'PITTSBURGH','CRANBERRY','PA','400','0','0','0','875','1100'),(480,'PA','YORK','PA','350','0','0','0','875','1100'),(481,'York Springs','York Springs','PA','275','0','0','0','875','1100'),(482,'PITTSBURGH','MERCER','PA','300','0','0','0','875','1100'),(483,'PHILADELPHIA EAST','CHALFONT','PA','250','0','0','0','875','1100'),(484,'COLUMBIA','GASTON','SC','0','275','0','0','875','1100'),(485,'GREER','GREER','SC','0','275','0','0','875','1100'),(486,'CHARLESTON','RAVENEL','SC','0','275','0','0','875','1100'),(487,'GREENVILLE','GREENVILLE','SC','0','275','0','0','875','1100'),(488,'DARLINGTON','DARLINGTON','SC','0','275','0','0','875','1100'),(489,'SIOUX FALLS','TEA','SD','900','0','0','0','875','1100'),(490,'SIOUX FALLS','TEA','SD','900','0','0','0','875','1100'),(491,'Sioux Falls','Sioux Falls','SD','900','0','0','0','875','1100'),(492,'KNOXVILLE','MADISONVILLE','TN','0','400','0','0','875','1100'),(493,'MEMPHIS','MEMPHIS','TN','0','400','0','0','875','1100'),(494,'NASHVILLE','LEBANON','TN','0','400','0','0','875','1100'),(495,'CHATTANOOGA','CHATTANOOGA','TN','0','400','0','0','875','1100'),(496,'KNOXVILLE','KNOXVILLE','TN','0','400','0','0','875','1100'),(497,'MEMPHIS','MEMPHIS','TN','0','425','0','0','875','1100'),(498,'NASHVILLE','NASHVILLE','TN','0','400','0','0','875','1100'),(499,'NASHVILLE','MOUNTAINE JULIET','TN','0','400','0','0','875','1100'),(500,'TENNESSEE','NASHVILLE','TN','0','400','0','0','875','1100'),(501,'KNOXVILLE','LENOIR CITY','TN','0','400','0','0','875','1100'),(502,'MEMPHIS','MEMPHIS','TN','0','400','0','0','875','1100'),(503,'NASHVILLE','OLD HICKORY','TN','0','400','0','0','875','1100'),(504,'ABILENE','ABILENE','TX','0','0','375','0','975','1200'),(505,'AMARILLO','AMARILLO','TX','0','0','450','0','975','1200'),(506,'AUSTIN','NEW BRAUNFELS','TX','0','0','250','0','975','1200'),(507,'CORPUS CHRISTI','CORPUS CHRISTI','TX','0','0','300','0','975','1200'),(508,'DALLAS','GRAND PRAIRIE','TX','0','0','275','0','975','1200'),(509,'EL PASO','EL PASO','TX','0','0','450','0','975','1200'),(510,'FORT WORTH','HASLET','TX','0','0','275','0','975','1200'),(511,'HOUSTON','HOUSTON','TX','0','0','125','0','975','1200'),(512,'KEMAH','KEMAH','TX','0','0','275','0','975','1200'),(513,'LONGVIEW','LONGVIEW','TX','0','0','275','0','975','1200'),(514,'LUFKIN','LUFKIN','TX','0','0','275','0','975','1200'),(515,'MCALLEN','MERCEDES','TX','0','0','325','0','975','1200'),(516,'AUSTIN','AUSTIN','TX','0','0','250','0','975','1200'),(517,'CORPUS CHRISTI','CORPUS CHRISTI','TX','0','0','325','0','975','1200'),(518,'FORT WORTH','GRAND PRAIRIE','TX','0','0','275','0','975','1200'),(519,'DALLAS SOUTH','WILMER','TX','0','0','275','0','975','1200'),(520,'EL PASO','EL PASO','TX','0','0','400','0','975','1200'),(521,'HOUSTON NORTH','HOUSTON','TX','0','0','125','0','975','1200'),(522,'HOUSTON','HOUSTON','TX','0','0','125','0','975','1200'),(523,'LONGVIEW','LONGVIEW','TX','0','0','275','0','975','1200'),(524,'PERMIAN BASIN','ODESSA','TX','0','0','400','0','975','1200'),(525,'SAN ANTONIO SOUTH','SAN ANTONIO','TX','0','0','275','0','975','1200'),(526,'SAN ANTONIO','SAN ANTONIO','TX','0','0','275','0','975','1200'),(527,'DALLAS','DALLAS','TX','0','0','275','0','975','1200'),(528,'DALLAS - FORT WORTH','EULESS','TX','0','0','375','0','975','1200'),(529,'EL PASO','EL PASO','TX','0','0','500','0','975','1200'),(530,'HOUSTON','HOUSTON','TX','0','0','125','0','975','1200'),(531,'METRO DALLAS','GRAND PRAIRIE','TX','0','0','275','0','975','1200'),(532,'SAN ANTONIO','SAN ANTONIO','TX','0','0','275','0','975','1200'),(533,'TEXAS HOBBY','HOUSTON','TX','0','0','125','0','975','1200'),(534,'HOUSTON','HOUSTON','TX','0','0','125','0','975','1200'),(535,'SAN ANTONIO','SAN ANTONIO','TX','0','0','325','0','975','1200'),(536,'DALLAS','HUTCHINS','TX','0','0','375','0','975','1200'),(537,'AUSTIN','AUSTIN','TX','0','0','250','0','975','1200'),(538,'SAN ANTONIO','SAN ANTONIO','TX','0','0','325','0','975','1200'),(539,'ANDREWS','ANDREWS','TX','0','0','450','0','975','1200'),(540,'LUBBOCK','LUBBOCK','TX','0','0','450','0','975','1200'),(541,'Fort Worth North','Justin','TX','0','0','325','0','975','1200'),(542,'Austin','Dale','TX','0','0','250','0','975','1200'),(543,'SALT LAKE CITY','NORTH SALT LAKE','UT','1050','1050','1050','450','1050','1400'),(544,'SALT LAKE CITY','OGDEN','UT','1050','1050','1050','450','1050','1400'),(545,'UTAH','WOODS CROSS','UT','1050','1050','1050','450','1050','1400'),(546,'Culpeper','Culpeper','VA','375','375','375','375','875','1100'),(547,'Northern Virginia','Fredericksburg','VA','350','350','350','350','875','1100'),(548,'Pulaski','Pulaski','VA','375','500','500','500','875','1100'),(549,'Richmond','Ashland','VA','375','375','375','375','875','1100'),(550,'Suffolk','Suffolk','VA','375','500','500','500','875','1100'),(551,'Tidewater','Yorktown','VA','375','500','500','500','875','1100'),(552,'DANVILLE','CHATHAM','VA','375','375','375','375','875','1100'),(553,'HAMPTON','HAMPTON','VA','375','375','375','375','875','1100'),(554,'RICHMOND','SANDSTON','VA','375','375','375','375','875','1100'),(555,'BURLINGTON','ESSEX','VT','500','500','500','500','875','1100'),(556,'GRAHAM','GRAHAM','WA','0','0','0','800','1050','1400'),(557,'NORTH SEATTLE','ARLINGTON','WA','0','0','0','675','1050','1400'),(558,'PASCO','PASCO','WA','0','0','0','800','1050','1400'),(559,'SPOKANE','AIRWAY HEIGHTS','WA','0','0','0','800','1050','1400'),(560,'SPOKANE','SPOKANE','WA','0','0','0','800','1050','1400'),(561,'SEATTLE','TUKWILA','WA','0','0','0','675','1050','1400'),(562,'SEATTLE','KENT','WA','0','0','0','675','1050','1400'),(563,'SEATTLE','AUBURN','WA','0','0','0','675','1050','1400'),(564,'CHARLESTON','HURRICANE','WV','550','0','0','0','875','1100'),(565,'BUCKHANNON','BUCKHANNON','WV','550','0','0','0','875','1100'),(566,'SHADY SPRING','Shady Spring','WV','550','0','0','0','875','1100'),(567,'MADISON','MADISON','WI','525','0','0','0','875','1100'),(568,'MILWAUKEE','CUDAHY','WI','525','0','0','0','875','1100'),(569,'APPLETON','APPLETON','WI','525','0','0','0','875','1100'),(570,'MILWAUKEE','SUSSEX','WI','525','0','0','0','875','1100'),(571,'MILWAUKEE','CALEDONIA','WI','525','0','0','0','875','1100'),(572,'WISCONSIN','PORTAGE','WI','525','525','525','525','875','1100');
/*!40000 ALTER TABLE `transportfee` ENABLE KEYS */;
UNLOCK TABLES;

--
-- Table structure for table `user`
--

DROP TABLE IF EXISTS `user`;
/*!40101 SET @saved_cs_client     = @@character_set_client */;
 SET character_set_client = utf8mb4 ;
CREATE TABLE `user` (
  `id` int(255) NOT NULL AUTO_INCREMENT,
  `userName` varchar(255) DEFAULT NULL,
  `company` varchar(255) DEFAULT NULL,
  `firstName` varchar(255) NOT NULL,
  `lastName` varchar(255) NOT NULL,
  `email` varchar(255) NOT NULL,
  `password` varchar(255) NOT NULL,
  `date` datetime NOT NULL,
  `lastUpdate` datetime NOT NULL,
  `image` longblob,
  `role` int(11) NOT NULL,
  `active` int(11) NOT NULL,
  `country` int(255) DEFAULT NULL,
  `address1` varchar(255) DEFAULT NULL,
  `address2` varchar(255) DEFAULT NULL,
  `city` varchar(255) DEFAULT NULL,
  `state` varchar(255) DEFAULT NULL,
  `zip` varchar(255) DEFAULT NULL,
  `phoneCode` varchar(255) DEFAULT NULL,
  `phone` varchar(255) DEFAULT NULL,
  `mobilePhone` varchar(255) DEFAULT NULL,
  `phone2` varchar(255) DEFAULT NULL,
  `fax` varchar(255) DEFAULT NULL,
  PRIMARY KEY (`id`)
) ENGINE=InnoDB AUTO_INCREMENT=23 DEFAULT CHARSET=latin1;
/*!40101 SET character_set_client = @saved_cs_client */;

--
-- Dumping data for table `user`
--

LOCK TABLES `user` WRITE;
/*!40000 ALTER TABLE `user` DISABLE KEYS */;
INSERT INTO `user` VALUES (1,'tsallabi','Sallabi Car Dealers','Tarek ','Sallabi','tsallabi@yahoo.ca','d4a26e0ab3558548116e52ce89b68411','2016-01-02 01:11:11','2019-06-17 13:40:12',_binary '\\\0JFIF\0\0\0\0\0\0\\0\0((((+(-22-?D<D?]UNNU]dldldՅռ乭\\\((((+(-22-?D<D?]UNNU]dldldՅռ乭\\\\0+@\"\0\\0\0\0\0\0\0\0\0\0\0\0\0\0\0\0\0\0!1AQaq23\"BRrb\#C\$\0\0\0\0\0\0\0\0\0\0\0\0\0\0\0\0\0\0!1AQ\"2aB\\0\0\0?\0@\0 \0\0\0\0\0\0\0\0\Y\Zn@qt\\>OL?\=PBd\\n\0\0^\\\0\0\0\0\0\0 \0\00\0\0\0\0\0\0\0\0\0\0\0\0\0\0\0\0\0\0\0!iuiI=\\7G\0Ad \0\0\0\0\0\0\0\0\0\0\0\0\0\0\0\0\0\0\0\0\0\0\0\0\0\0\0\0\0\0\0\0\0\0C\0\0\0\0@yG\=s\\wl\9z_uH\\0\nC(	!\0\0\0C\0\\Z\}Cx\0O#Cu\\&Il\0`c-\`C%\0\0\0\0\0\0\0\0\0\0\0`\0\0\0\00\0\0\0\0\0\0 \0`\0!\0\:\\uԀ\\7\wIOD\0\n\0\0\0\0\0\0\0\0\0\\00\0\0\0\0\0@0\0\0\0\0\0\0\0\0\0\0\0\0\0\0<zǓJ=\\'7KΒ(34 \0\0Z\0\0\0\0\0\0\0X\F\\"\\\\<m-\{ \n\0\0=\e`\0\0\0\0 \0\0\0m}\\<uZ\L^S\\8u:״ɩ9U\\\n\z\l_$sR\\\6_>c\_ Ku\[KQ\\fN\kish:\\a@\0\0\0\0\0\0\0\0\0\0\0\0\0\03#S-o 9zM\zG\}Q= J$(\0\0\n\\\n\`+,a`Pb,,\,+@3@3\04\0]\\0*\ɠ*)1`O\\5\G\}\\\:\\0\0\0)H`eaaCl,tTtt|jZZxݜ\P4\\^\0Ե h\_;\\0[\\\5qv\Q!\F}\\Z;ˌ\dXX\6X0\`jg>\6\>oRNMŦ\{P\r%\6-V\0<\0\\|\0	#	=[=.6\hhI\ъ6\ \n¬,A@;0,,((\\A@gkFzj@rtTOL:_\'\0ID\0\0b4\X	Q:\\Y<\^r\\0zc4_SQ\KVOvGskV\i7s =\\7q{4|qkRK\r>V筡\CY{j\n(&\0&\0\n\0*`\0\0H\\r\'_\\\z=7\GA\\}t\" \0\0\0\0`\0\0\0\0\0\0uVl\n\Ն3\\\\'<,#\rmYjI\&\ #d\n::~Z3s&0=\I)\9MG-7\\(\)3RZ\ZY\nft\Ňk5\03\<\{\g_P+e\bB\*@Vo9`GD\:\#Zi2\A\r@\49ӣ;5\\0\0V@\0\0\0\0\0\0\0\0\0\[\\\\W\\\\_K\\0	(\0\0@\0\0\0\0\00+9OS\G\6֐P$ \0\4%%$f\0}Ղ5<nWu\=\0\0\0֊0S[\rv\y\l]=P<\\nΈu\q5]Q,Yb\ei3\\y\Z\0tKh\9oAdb\\1\׆\\r@\0 \0\1Q@\/S9\0\Zo{}\#̔\#J\\LY=n6\\A\\\\N\L\Zn\B\0\0UDY|bui*%#\ͥ>\X͚1\0\0\=\\>\\Ȑ\r0\\0(M\0t\t\K4DX,\\\\ң#.\Z3Rj$\Z\EhۅF}]\Iy\0\0+\0\0\0\0\0\0\0\0\0\0g\hg\M\\+\z@P\0\0\0\0\0\0\0\J\,\$\<]	Q\ki)\\i\\\(\\r&i;lA	/@P<>\&}%\/(\\W\+v\k\:_S)\"\"R\\̮؞PUy-gh\rFw*\\*\\.\hk~\"\\f\P\2#_\kҏKh\9o)Q\0:\C\5>v\Sm]+\Mn\r\^r\ceӦzl\mK\\*e$_g\\HdT5\"YP\r7B\,4I BE(\\	,	oxffkqg\\1\;\\S9\p\04\c\0\0\0\Av)2\\Z\\\\Q8\\\\S6wCbd%Y-qRу\4a-9](\\\\gcN\hKU\؍TF6&\e\8\sg_mB4\CJ{E\-\"\Eq\0\0\0\0\0\0\0\0\0OEH;\\\OO\\0 \0\0\0\0)\8l\\R\~\\r\(\㩤\\wr1[[	\n󺅛9LZ\\ɖ%SDV**ADQ\BE>@tw\'P8h\mn\\;	\Amb.+G\\n\\fkCq\3\Bk>(\\\Nk\\#hTb\@t5{׳tf\\5#5hԬس\\y\Z\0t\/OH\æH܊LYͭ& 9Dyo,\Q\0aRБ@AEC*HЖ\q,Hk(h**\%abG`& \.\\\K򯒕\"J̨\JQ#xFmnF\\ZnTp\9l\\▛2\\\0\\\0\0\0\0\0b=OFt]H	BN-SGӜWMh\\l\\\cM67\\x[\\]3ͭp!4:QE(\O\0v>\+3>\3}\\M\#tX[L \n@\0\0\0\0\0\0`j},\\\\0q\GO\\\0Y(\0\0\0\0Ym\2la.\;\wf\ٳmCJZp\L6\\Z\r_R5h\\0G\\0A\\\JI\Շl\Tՙ\=69XKdBܨH^\,R\0p\ĭ\\k\r\㏏ХMDi\,0h{P\헅[bԕCO\\-ZM(TZqҦ(:l%{rNf\\Sbmng\\'%tTUȢIOU\ZL\\d$\a\(Wy\Z\t!%(\\k}\noSH\çH\)Z6;V<h\R-3\\n.&ݫV`vIV<#\Hʴ\s\8de\\)i\Z\fPK)\\冘\\\"NKr\\Rx$\N6\\զ\1K9v\P+͎\-\\\y5#h\ lPݪGN\\\0H\ni\\\\3ܻrT\0 \0\0`\0\u\h\\\h3[DHˤ5\\Ӣ	\({da\&\0*=>\Zgz:s pj&]:\0\b58NK\0\0\0\0\0\0\0`O\d\\^\_\=\\ǲ\0C,\0\0\0\0\0\.;;F\Z*\\8]R,Sl95!gKJ¸edsk==ɹ\\\_\\0TK\Qu\"\`mW*{\KEG\OG\\?g\0\'\He!OD\\2\Q/Y	O\r3hۻMBR@Za,+R]\\nx\ɺvXhI&İ\t\nV\		\km\G\;:VǭMNN\#s\#p2suD2Vpj5g,]T{Ⴃ(܀\~h3K\_g7Mz2QiA\"g)Ԣ̛nT9>ۈ\\\>#Q*N\ZI,H#:rȫ\^Ul=.5ɮ4\4D\j7E#4ʳ-40\l\\Gf\Q\FrӋ{\gH\m\0 \0\0`sy4ie\\!R\GWK^{\\0їjp|ɼ[	\ZY32\\Z@ \Pќ$*F\M]Vw\\MR\Q?+,n\[~A,\ɽ\ɦ\mrtCUqz\\M\_\E4\\rG\\\IZ\0LL\\\Ǵx_s\0\\0\!\\0\0\0nW@qēK\4\\\'Qλ&Ȩd7E6s\@cx\0Aרs\1\\+\\#/\jg\ZE\\0KDv=ޟGE.^Y*\\$\i\<,gS\\N-ػ\	A\aӗr\"\rٚn lڋe)\)\\0!Ms\ʗnh\Q\\nX\t*@z=<\\63\:Rp6\̻N\#s\#r&$\Z#5Xki\%\3\ֆDZ\\N9*+k\\@Ϳ\"\nu\"rXO(\\QDQ4u&G\Z5\ח\¢kR<yBQt\p\6i\*Ȏ4\\	R*¥$\\G\\\8\.#y6%XI\0\\Q\NT\zp\QP\H\r\0\0\0\0bG,\e~\"\\\r\nh\9\}(~_\\mh\\f\\K\nD.H\\\8JR`\r)ٖ-cF|d\\0Y\\bgƭɸ\YM%TNy\\\ï\ʚM{9\\f\\w*mxqޣ\~Q\\|$q\\\P\}\\-Fn2#-P\\\d\қL쌔\n\0L1K\`y\Zw\0\&\\0\{`=\!\\0\0D\\&\X\]r)7l߫\\0sh\ʥ/&\ZsWl?\\\\ݎi\Yt\\,IZf}]ދ3Ovw#\vEsh\sf\rޣgv3\[Ī[\\Zy2\\U\C\\Gu}DOׄ\.OV2R؊r\\RZUӚnJmWEy>֍\H\W\6-Yk\\\\^vG<\rbX\,!36\ʜȨ`Wvl\`mi:b\f\)\脩{}?\F\\'O:O\iȂ屙\N6l\ٝԢe\'\r;D\VS\\aIpmM\n#La	\B1k%%PFO\*\PG\\\f:/u\Ӌ\:t)Q\\r9A\\\	h\\\f(\\_v,K;(\'94ƶoNK\\Z\\hj\\t\u9\0Z:446\%KӠ\0\r92j;6\V\v\\\ &Mn\\_\ַ@({\gH|,*6\~ŏ8\\\oՅӧۅ_L\V\\3cX\qvQ\x0\2\\\nYbVzq\vSV\Zţnnjb_\0\Ԝ[\2d\V\\W\/$G\\WoUM\/8)^/\^mc^k~]\%\q\;~9$r{xC	q\\O4s\6Sqi\\ZEⲓ\\\MIZӼ\-\`y\\?u\r\\\@\0\B\'mMY3?|ȫ2\$\s\\"\\9\\n\{BQӳ>\q~ы4a\Yn\l#\Z:G\'ǯ#\U\`j1JJQ<F\0w\r1磣Br\֋6[G\:Pm\\N|\\\{{]{=KVWR{g(\\\i9j\%(Kd\\.Qd\*TKsL2}l!\h\h$:MX\r`\Ьd\B\W>/w\NJ]tA$!I\Bht\"%5L\@4!8\Q\I\H[x\\W,\>\i\kF;N\ii\9FpT\\r\EQFv܌c\n:V\\{*\\`\m\ѻL\'V\0Fh\S{3\HytgG7\\\2pxt\ߧ\^$Yb\\{3#KN6Ͱ\0\0\0\0\0R\\3Wܼ=\v\0l\"K׬A/\\\\\u~]j\\\_{W\\\Y\g/\5\nFe\\n\y~<=\"8㗻Em\0\\\>\W\xႿ-\\nS^</e\nm=\+\,\UV\X\2k/\ɓ\\rexR\\0Μ]yZ2԰KsnlR\?\ǽ\?\\8|<\Ưo\\\۾pDodax6Q\\@u,	:X|p0\^s4\궹\e\\2\\U#hl\\n{/%^w~_\gߥ\ro\<w_\\\\\\\n{W~Mzb{1ِx\Q\/OqlfosC7R1՝*F}l\n\\>^>vOXMO,2\^\㼃SӀ[+oY+\_m\y\U\kFG嘘Ci\r\.܎.,G_Q\8\\0`VRZmS2\\r\re#sIh\WY̔\\r\e)Zɶ͜b\	/N\\\pO\Xp\\\\d]:nʊl!A\\ѵrD}5\\K\rH\ZUs(\}\Ҍ\EE\hMWi\yԕ5tI\E)ň\jv1Yκ!4\CBvp116Dw*dLOi\k%YJN\\S2\ձ9؛n\lVTR	1&L\34\\n	yE)K)ld=w5%h\_OTk6;!j6\\9Ŧ\^\I\q\T\\\1ukl(\ke_\\BǮ=$i`M-xȟ\\ޕ^\0KuQcUɅpx\\\猼\0G\rp\0hK\\37\>S;Ҿ)nw#rsy\\r\\K\QuیlAo/\\5\V\\2W\e\=	\\'YҫN	\0QʷVNOͮ@\S\>\>W\*\\\\d#U\\z`ys{zX\UyXVE6/U\bw\˿o\2uxCh\-wW\\a^P\\\o]\\\|\W<G\޸\{2X^AU-\ka>4\ٶ\\\!-\,cN}\-\\(O\\{H\\\\0\\\-Ώ/\[\"f43\Rժ<\\Mm/%N^\\=\\\0:<d+i|\^Ï܍/\8	$	\n\ўtY\[R[RIsU|9\>\J\".b,\o_\\%\j1\"\\Z9\\\(,\jUjGttݑ\\V7X[<\\\"\&ʋKtfzBn\8\a\2\QM$\\,txyZ\\o风]\s\S2z:rM8:5*\'\0\nx5TjnuNGGO\|#SAE\I\#81N\I*C\\(O%4j\l~L$\\r\hMG+΃9F.b\UFђh\ui\\3UfRqŜ\\r\ܶ\h\Ix&PL{sC\B\6\DOMM̊\JP~\gD\9#\rT=\\'\Le\5%Bb\"-\\2*c\0L!Ib\%J\!24\Zћ\\n !xA\\]Ћ,\\i\\;K\{.{\0c\\o\\\EcCÒmS=\'Yg\$\p\+k\լa7|\_ 6U^c*d\/a`\\\~h4V\^\Yi}OПt!>\\\ߞ#\/\^\0ԱǗL~\唫cW^h\\\)|+y%\0_;`sٍ4\I\\<\\\n2\\?5\I\˸\\\\\H\$\:}%u2W\\@\5yk~r\\\\\/B/o(O{\,O\Έ~o{:4\\\\MB)\p}K\ߔtk\\|A~nW@\\0\\'\\I7\\pE\R\0Q\\v;#\vG\[\pg43\ؗ砌54y\?\\w9lBc϶uy\}(B׀EcJ\Ă\0\\)SX$\7|Y\2\\L,\\Ք0\0\\\ˆ\\]]D\1ٜ<,\"\r\\p5R/	tymgY\r_H\PYbѺDr\@Ba!nON\rP\P^ݼ[\n\6i\kGS\;V\"ydn=\tt\p\妓]~\#N/9\\B?fo|\EQUai82i\lHɬ>\QhԅiyeI\\Zj\\Ȥ\@aXՊ\ܮ+g-6 \48cK\\0ThY\U\\\\\垓Q5h\vt)QɌQ2䒓WIZ\0\05Q=:zyT\zgMi0c%[=\fz2odڷ\ꎌM\~&5\y\C\UPq\\"q\\a\0G\ⅶմ\\\^Y~ߧrfrAʬ<\">=쇖k\=쀋~\0N$\nl߿ջ5!7k׬-\{$\n\"\a\lRJ\\\ZW\7n[xOx\0Y\\rG\ϲ߻ߒ\mG/\|e\3ks,,6\\V\\r\ef\&Sw|\d\\\ļ\xt\\@I?/)r\\\0L%s\\ʹ\ݣg\\\sϒv-%J\u]\ɾZ\bxlɢ\x2|}^\8ԏf?J<\F\?\Ғ\"\\sC9nEI\ZId\\%\\2BE3R)\~F\\<cx\+	7%\\\\6H؁\0\nhT\Z+\Z@$6O$k}j\\Y\(\w\0Ij(\җ/hk\\Ty\\WT\\B41BlLK\Շ\9&s\+iI\'VEѧ|Џ\M\ZiMϖ.f_eHJ+\r=I\j.,\s6\\'\k=\\\\\՜m\9,Z)\\͎87M\XS]\2M,\m\H5r&Q\Ni5&q\v%W!\@\0@1-E¹ut9\"\\ϩY6V\"\&cq\"P\0D61\6\|\"^\\%pdR=M/\Go\ɫ\]˗.=\\):UvgVN\_o\\|\\\\'=\0F\^x<#ik\%U\&J޹i\ǀ\Z\\}#7	+;S\\\-\8B\\\^诜xD\\\\k7}5Hڽl\\K`u\\/+\-\h\\df\\f\\\Ǻ\\\\"\K\x/>y{oW\\\\\\\bv\W4\˥\_Q{Eq#\\\\Y\wu[\.Z\\\p\pA\U`\\'W[\\'Ș\0yFj_\\9S^~\\\r+Qδs|a\\\\y\keቾoOќ\"0\ߐ7\0\:t\'r\O\)98\n\3\EE?(neRD,\U\K\\\{Cd:l\SQi\(\1\|\\\0\0\0\0`*2`\4:\rpƯR)~z+F~]OQ\\\Շ&Ar\iGdj̤s\\cQ\\Ⱦu;t\Q\\8;()\\S~2Q\\\ޤG=O)ŧ\#֋Z\}/\0\d>Z\K2\-T\8:\\\'r5 s-\#\J^H\\2+\Zn^\	Z\"QQ\\\n0Y\ZH\ l2v#\\0d\0\0\!L\LTm6k\"7RWv^n\H\\cI\\MH2\\ި\U`\{E%\>YOap=Ah\\\\G_M-\\\;Luzɩ;}ui3Q|	\\\w\\q\\\$.wE_G\\"㷎A9*\\\0\\>\\\0m\\\B0Ճ\\/Iڋ\0;=Ah\r\02\\϶V޽U\0{\\{x \7\+DJk˭Y@L\~_ybuKn6)\n\\?\Ʊ0i\wx\ky\j\ʼw\\<\\\\|+E\-+\c)\Za<V+Č~\~ex7{\\\)_zQYbQRN-Zg\KI\\Od>y6\\\jX0\\MAФh\ZdNfK5y;!\nNi*6Tkh\ro7͵[\W_W\J=^:\ZeKr:o\&\Z\(\\\k\\(M\Y͜Z\\Ǫj1M@D_\Gl\0\0V;\0!ADY\\D7ү\\G\\zh\ow3Ve#8\$?p\:\ӗsy0sj\\O\0q8{\\e\T\CN\J-KUviB7\q5&U\ʂ\U\$e\\b4:M7ΝiTjXUEb\"i\\,>K9WDD\@VLOa&\4%\q`D:V.˨(\v)Œ5\iM\g&\*\E#hy/\0Ig^kF\{9lB.[#Di\Rhk\ȝP\W\\)\'Gw\'{\\	sϱ\|~`\s\_V\m}[{ %ߓUw\g.}\5W7\\y\\ȱ/tbI96W\Z\3U\׫\d\\\,>^2\\\x叟\\n\/`L٭gX^L|\\Od\`\\5Yx\\n\<]&k\n\ߔ\ip\03&\b\>\\\^Jjo\raV\J\\o\\3u\/G\\/\07eh\|=\0 M[g.\)Gݖӥ]d\#2o]%\n\o*n\|\~\k\qIO\0(zo\=>4`T [\/\\w\\\xvh2\ste&rj29n1N\´4Z\5\1\G%L\O&<\\vW=.AeY XY \r*\A\\3l\\\~\=$y}\'\9vx\0Y\Z}\#IZa%=\Z|\\QMa:=\\<_ڵo683\\KNXԿE\֛)\\\\r+n)D\m-\\\E\濤\&\\\[b\.Q\\OsWZO\>NV\21*VmHt\\"\d\&K(L\H1\݀QYE\#%\`%\%<<\\0d\\(\ct\\f\2Z-JT胗GD}/Ć7ER\b)`w\F\\\t\[ɓMF:p\\\ru\TT`(_\"\Qw\\cl19ƚM34R \R2\wiri\X\xY3v[iݽ\+\a(?Oo\\w\\>Ppx\N\\2\\m$\M+\n\6[V\r|.\rU\\%\ϭu\r\n<s\>^\\\7_\\0_\C\0o{/\\0}!\{\jf\0\I\pW\0cҮ}%R\\p\\'\)g\طf#9^G\O.\0i/\Yu#+\\'\ّQu(݅zf}?\ҋ/Qv\̓érztgrIw9\\\0\tu\E,\\\'eO\\\\c\rd\\.dr;w#9\:\\~xT䋹R\B+\B\:Q\G\rl\zͦ9\0m\C1\h}\[ƻ\Hѱh+\4MF2z<\Z\\\v\gXzy*\'&\Er2\Y.\ac\h8T#)))Aԕ3\re\F}ӷ\ߎd\XS&\\K*\Zo\\\GKQ9g\\\\3h\ԓ7]:bs\\\r\\凅\\VT|qW&\_\Zlɦ\\_NV+*l\m5hϫ$7{\ñ\\\2\Yi	6/c	iOI%>Y4eGLU$c.۝X\&U,\;\\\\VX~IN\{&\\@(C\\\\nD\{0zܤ*q6\o4[0\n#W\\vc/\DR9^\%\VfqB-uhѵ\\\\\\麣2\h\\"m<qGFT\;\w6\!cl)\>3D\\	MkI<\\\ʪ:{ʓ\\@\<q\\FmS\WW)@S)1\\0\Zs<\]\\'\Ý+x\0/pݥy\oWj\0N\0;\*[/[04W\'JWE.{R˱6\v\3Ķt7X\nLKw/R;.\\DftG4\\D\"\'\'O\w~\$\J6ܭ+|:rq31it(ON\"c*\FZtJ]4\\iN$\^q\\Srvن\+<4d1w\nȻ͕d+7\\\g1\\G3ͮn+Q\0\z}N ySGH/2)ZU\'T\r4<\r:4W\"jP\\CO\̵esg,/oY\\\\䙎M\Ӈ~\A\\\V8V܉\#E~tv\\\5\\6}:I8n\\\}\˂\0ܓ\'^&zZ#sNY\]?Z۴cX#\rq_<AԻNZ\B)\\\ԺY\/\/dSk7k(UnڣۑZ\9Ȗߑ \s5yt`\ɚ9(1\i\ξZ;\nu\e2Y$\r\r\Ϧ\\^Ѻee	}#fsx7h\Oclt\Rφ\"ڴG\0SإLG\0e5qђ8Lv-J¬*\VL\*5V}ӯOS\\\],x%bF~i%$ZV\	\\	\'\\79f\\6}_Ʉ:0\ QMb\0d$\0< wM)A_\\\0l*WY:fңW+D\\Z-&|$n\nQ\\dRJ\\y\nU|? 6nɕ+\aQmo\eU^Pj\v\\xi~1Vk,2\\[+\0O\\<\"<~\\[\\\\V\5\\0qx\Z\\\\\\0C\;\?\gy\\"zPq\;jFTkk-E-M3^\\L?05>\Iyr\'%d7F8\\=j\݉M\3\(Ù:/\\mH%\\Jl3\\\!IW7pY\r5ibl\\GZJ\'\'IҸ3\,e\u-\\w3\\\\\\~\@MʹVo(\\ĹH\>,9\\\\\\zp\d\Z\ܾp뜕9\0䜭.\\\4X+2\;e5cG>)\7KP\M2V?	]udZ6\\錘\GKOĴP`g~qvNH\\\\◘\rsiGvz\Rn-0y4?z*Nە\e\\ɂ\*@dҶhg\'\n\֎Rjݶ\FQY8lՙj8\R\\L5$*[#m8Rh\)ej\\ss\r&\\{n!\!R\c;ɦ\\j͓}e;\Z\z\0a;ks;HKp	n7bEng6y:\"N8P<\\Aq\U#j$\nrrw1I%\bJ\jK$\")\;IHoQvk~\5\\\rZ8MSav\;G6+\0v\\\?\*\.o\L\\ݖߖ~?1f\\~\I)zkF2*͛j\QRڭ\\0\\D\~U\l\gr\tV\\\\o-M;/ez\\8\ȗun\w\\2rIq\n\8ڱ/Ws\JVe\޳IrA/nv\?~2z\(\\\0HFje&\0\0\跙\y#\\\"2v3u\!c\\C)\;U\3^KW\Qr]J\r3\kVdu_x_L72Zo̟O\\0\t\k\r(;eĠ\0m%m\\d\\\S\rHT^S<\*if7KO\Є1\\m8w\V\w4\V׷\Zm2Mn~\U9c\\\ɃmOɩ^i)%byn\t\gN\)ze)]0Q[؂슉\t{S8\\&\IBS{\"\ik-4\"\\\ǌ^{\M\M`L\V\}iR&͜3t,*wjٜ9\`Sg-9\/%\J\\Z\Fl\8\rvFs\Fzr\OK\L}t\"J{\\:쨺M\fi5h\/x2\'\Zb7_QRv\0䧔K)\U 4\YUyL=֏\'\\\c\\4\\G=\r?\ҌI;Z5\w:Ik\9Hc\6\"eBO%ܹID}\"Җ%ܥva\[3X;O#|1g/\\,ݍ\o_ݛAE\.Y\#W)?\\\g\diƯ&\\~\\V+n=Lܿl#5냩l\RM4\r=D!\7\\M(S\\\Q4i\Y\n.9TSQ\ \_;r	/@\K&r\{/\\\9\i7	H\\fӍ\ĥ9Eo$@\;R]\l\\֍5\oLe3\\\-5y8:]>[{DMG,/#ǥ\wWG1*:852\\\0F]:9u:\\kv%,SԔݳ;6\\{^\\s:	N\\\+E@* \\]/k\)Ly!4x*ɨ\g\\\q^\oJM{F̪`ꊖp\vDNћ\WS\'I\'7/p٤k\\\훜Ҿ\Z1Able\n\ž\ٔ\erj\\fs7HrM meF\\"SI\1\iU[7 ,祄f\ܬ2o٫jj\i[҉0U\NnH	\dәnJ;9\\=镖ԏ33u=U\mKܙ\\%,\0-\Zi\h@5fVg\,Lg/S҂qA\\w\\=KN\\\XVNՇx2̙\\ikN>\HY:\HV\EGq&1.+,5W	^b\\km\EO9+xA=K7\rV6ڥ\\0\SӒ\R\\@oEoȚ\\[\\r\\&\L\\\=7q\NPtɸX\5>	\*6\[?\R\o{5J2h\Z\\\nT-4P\\#xiMLdf\M\\rM3\ORrw\\n\\4ܻX;c\"\nh	dS\'ɤtק\CJ>t	*Iۓ\\>\teg\GGP&Z\Zj7fZMbe\ZOQ\\v̜QV+$@6H\0:ܒXK%tE]#:4R\VAf=\wd\ד5;\Wr\hS\o\\Ny\*\\m\ʥ%\4ٹ\[6f#\+\"\\\^Im;\"9\'RnI\{\\R\K=.\hZ\I5N65\ !3-˭+}ڒQM\{ĥ]΍c\\*[KQM\&rNu,NI6\"\LL\C\\@v\\\Ўn\\0%b`i\<ݳ,\[R\~P\eN4WmM\#l\ќJGV\tkxeAo\麤\\0\0\0 MO\G6X,zy2\o*t\A\rZ+R\r ʊ\1ԾJ<G=L\}+\F4sM1\0FuZ\4wGGi!OW\\\%\\f[i=\?\Cw&o\r\rqh\ͺ;xCul\h*]\ZO\\=GL\%\s\r\\zclsK.mNo+dnjF2ݭ\\U弘D\2ZH\\ZR\Bm\=\t\\Yӄ52b\\ҕ:\\l\}<\Q%jV,\y4Jy\"\f_;\"8v(^\kRM\Ђӈ\\\5gQ\\\*0G7eZX@(\,{\\\0\;\&s\Z\3l\\\\Gn|#KM9:G\Q]1j\!\}\weo\GN4.@v\q\\\>U-\\,D\[^zҶs\Cl@\"@ \0!X\0\$@lbmBI -Br\,\\0\~PD+ߧ\!\0#}\r.\\\W\ulM\\\\\ZZj\8\:tƵ \\\<wOI7~~\rH\1v/q\.\ӥKvkԟt\" |#ܪ(\\Q\nBFݲR[YAv\s*Zډ^\&\\\MBN;4Gv(\\\n&[KIe\TQϫ;f\7	\Z\\I3HBF9T55,r\\\\\\\0:`\al@ \0\h\9+hK-m\\fo&F\\\"\;s\'\D\\\I իh\!4[ (\eDg\UʳRf3_\ɚ#i22ۦȖ\W\\L=	\$y\+f,\\Z&RfEX\\3DeTe	̜2h%%M\k15+\эi\\W|\i<\=\\\\\0\\\ZT\Ng9I#:n\$u\\/hԌ\\h4\C\ =\3\\\e\\'	\R\nQxdw[\\gWW>\f!X I@	\!ybm\ГI\\(Ce~آcHN5sH\Zɻ\"\;I\\,\nrgVb\\\4u誉oڕ)oQH\ƛ\\\L\;K_ķ72\7]&s\p\Y7HSl滛\\R]\\3K^\ӄ\h&Ά\9;x%MAR\\r\\`\-U\CM\MneR\lt\\@	\Z\A\'$,D\kD7\!eI\\+\\ CQ-#QJG,Q4^ф\\n\#\uCB`P!!9R\7Vm5h\Y\I\\r\L\Y\}\\3\7BH;I\\@s`\fߑ\0 b\Gܙ|j/\j_&S\I\AJT\\3+~Ɨ\\\Veye&eѥee*ub\\7Ō\0\0!4A-\'IcS+VQ\	ä\0\c?L㞔\zBe/\uj\s\Z4h\EaaVm.\iNݳev\6$hFK\0!\d \0\0\0,2\im\0mH\\Yl\8Qdݑ9eeɟ\$(\\a*D\\\n\=->\E=\>Kwz81o\9$\2\0MN;\rE;O\rMJP\RĕH\'#_F\ϡ\~zt\᜚ڲђZ0\)\Z\kʙkOE\4Ej\ngP\0\Zu\n:o7\\қ#N\\"\lnM\0PP BKcє*\ͭHӃMS\\J$d٬y\F&\"e\D\\Gbsl\r\\l\SH:9e;.%	N\\z<<Hӵ`}06S\G\=\r-x\\(\\\\\\i7ѹ,\".\\l\:\ȵgP	t\L\zB*6O\8/\\ri\\\Ʌ\RUN)%嚒\K؛I=ȚٜҔ\"ƙ24\ø\\-m6nt\{X2!XX\N\\#c&\ƻ\YU\r*S8\lٞm31dEr3njN\D\"\#6fS!niEC%\d#b\r\0t\kM35\\\h#\n#[2Ym\\&O\O\q\\M\MP✋z~dm95o\{g|\\\]?9#\\RHA\FR\\\T5%Zf\7Q+9գYt\teDb7Ԃ0\rK^\nǐ\0iB\0K\S\0\AR\0dv\h5KVF\\Z]\spkdI\'ͻFl{\Hə3Y5Y2zfF3\"W(fр\\%#D\D?h6U03Zi\#Td\+;6o\rf:_$fN(]\"+N;\UxAڀk6g;Ӝ\\L\\\E#U)	\\i$\u@BVŨ\\VdnF:\\B\7<\\ԶuNWn#Z-T \æi-9vg\"R\\j\&mͨȱ\\r\d%xb\\r*5\9nZh\o\Z7M	bCF\\NB%\bsh@\r	29)E10CD0JJ&Jͣ7QcFК\%vOXG6$\xg6^\rĶK\,QQ1\@tE7(Q\\QZ\qvT#ߩ\H[<n:𕞬\rj:fF\Zʌ%qpF\\\L\N$SZxd\{1x.2\;%eEk~m5>ӝ;\t\:\VL\7W8QD=\r6\\\\\-5]\M\\&\\˥\\$\r6M;D\9\bb%%94)\0\ɖݕ\*5h۴I\0*>@E\0ؤE\BxV\1!\2|!\``:n\r\\0\0\dX#3~v\.@V\"Ioa\.6:HqnG>]-5uFwQY	v\\@yf&1\\g\'vIZŲ5);I\#L9c%m\CB`\0C\K\0N\H\?\rZGМV\\\"\񛺡*]u\\\V!-\'\Y\\0\\r<~Wu\b!-`4$H$0(\0b\\\I a\0i=X2\q~\W>zJ\\\r\rjt\\k\JGL\\||yL\\0ǿLê\L\<\\\!l\\X\ Lrkf,46:ORGdrt\fߙܩ);f\ќhNd\]W=\g(\w,\iApMO\\X\eG\zMb\5/tW?3=\Z\n&\Q\&s=U\EU6\"n\J\\kp\'`fd<\X98\o;%\\r,\ٔl\R%ɽay\0{#xhgJ	@r$o\v\+%\r\X\\\\HObbt\O`&\nݚ,\K\Z\lfA\'nFɆ[`WD\\"N\\rt\"K%ȖG\*\2\\n\H\p5ybybjZX=W\'\\0\l\(i\\07\÷\:),#9\ r![\0g.Q\\YbL&kt\\Kk\"aCD\nd\\\%9\[g\h\--8?u8L=_k}\0yqβ=\\μ~Od*&ݦ|䓋\"\-ڟ9dH#d\\0\\\0aɣyg\*\\0x` \0\0\0{N\\'\jwv?J\Zy>\Gt|\9K\,\\0\Z\\qch\4:^\\].w\\֤La$(@E0\0C\0\0\0\0\0\0H\0Mʞ%\JX)C`c\\'3Q\3no;B*ۨ\C\\lM\#7\\LZUdR\%؀V\_DR\>\n\\\gK3ӎ\0^++\(u@\",V\&\٢J*\$\%76OQɄb$\\Z\16\\07[v\\qb(,yMe=h\\\\[#\rY3U[9\ޤfԒcDjK3Z\\؂F2L\\nc$d\r\H\0\z\'GZ+̎\r\\\>8z|\\\+Ǫ\Ρ;:\\\*\01\0%\\B\\\15\?K܌:\"*kfB7\0\F\0\0a\0u.b\/\җf%\z[ 4sS\\\:hL\u\ yȱA\\%\-\o\\.DъTQ\\\<\0\0@0\0\H\\'@0rmRPl9,F2\w-\nzGJU;\/v`s\\+&u\\BrEVEm\ZT.\"i\r̸*B6V]T\I\1]\0	Xbl\0\M\7`6\d\CQr3\'HȖ\@S\ZOm\r>d9?\SF\չ7\7~5m|\"V!;e\\\R^5%,AEsR\Zy\Z9FԛxFjMcRIWk\\\-O\\\0IH\\lDS\ߥ\zF	Y\\\0\\\tHV\gڊm?tur\И\ro˲\*\0ΞI\\Ep\c\\4{4\ykU\\'x\Si\-c{-US\\Pb\0\n_\N\cGI\\veI\\\߯/X0%\c4	B@\0S;U@\[F(\j4	iC%lP\0 \0\0\0SCB\;\?-K\\P\\̴\\rI$\y̂\ZT\\\n Y.FD\\0ʓ@\RF\IH\遰\D )l>\n\NWXD-\VH *øv\\d\\\s\\JٜHԜ\\Zk,\}Sx\m\Zm(MH{JGѥmI\0Dvn[%܆S q\\ga\?%@\0\0\RX\\\Y\t\K\\\0\0 8\\y\n:/\O_:\"_E\\\\=P\D	\CI\j\\*I%<Nyr%\u]\M\E+G\\0s\,E\+ӄ\Z\F\0\@!\0\0\0\rt\\Ȩ}h\\هP\M\˫\ÔbR\0(q\A5\ۣ\8!\\&C&[T^\n3ƀl\"\,Nƈ.$\0\0L\"\nRIdr\\Ba:FI\m2lɁka\+a\c \"ܸ\',0,1,438,'7 Lebonan str Sallam District','7 Lebonan str Sallam District','Benghazi ','','0','0','91290129012','0','2147483647','0'),(6,NULL,'Zewail city','AHMED MOHAMED SAYED ABDELAZIZ','ALDAKRORY','ahmedsonic1993@gmail22.com','318b81e2676bfa31fef002d452c509bc','2019-05-25 19:43:07','2019-05-31 10:51:42',NULL,1,1,520,'1 omda st from fasel talbya','1 omda st from fasel talbya','giza',NULL,'12111',NULL,'01061690939','','',''),(7,NULL,'Abdo Company','Abdo','Dakrory','ahmedsonic1993@gmail.co','210d5e7efab6f14f67e71665c4efe8dc','2019-05-25 19:51:50','2019-05-28 17:09:11',NULL,1,1,359,'1 omda st from fasel talbya','6 of Octobar','giza','','12111','','+201000349430','01061690939','+201000349430',''),(8,NULL,'Zewail city','AHMED MOHAMED SAYED ABDELAZIZ','ALDAKRORY','ahmedsonic1993@gmail.','5fb33ef69078d63f31eb1353460b1c4c','2019-05-25 19:52:13','2019-05-28 17:14:17',NULL,1,1,369,'1 omda st from fasel talbya','1 omda st from fasel talbya','giza',NULL,'12111',NULL,'+201000349430','01061690939','',''),(9,NULL,'Smart opal','Gamel','Al shaaer','asdas@gamel.com','405ce06a4f6616a3d156b6b52a7b459c','2019-05-25 21:28:27','2019-05-26 18:11:48',NULL,1,1,369,'1 omda st from fasel talbya','6 of Octobar','giza',NULL,'12111',NULL,'+201000349430','+201000349430','+201000349430','123'),(10,NULL,'Zewail city','AHMED MOHAMED SAYED ABDELAZIZ','ALDAKRORY','ahmedsonic1993@gmail.comw','743967eda75ea61dbb5d1d6474006681','2019-05-25 21:36:33','2019-05-26 18:11:27',NULL,1,1,520,'1 omda st from fasel talbya','6 of Octobar','giza',NULL,'12111',NULL,'+201000349430','01061690939','+201000349430',''),(11,'sayed Men3m','sayed','sayed','men3em','sayed@gmail.com','4ffd625ea534e4f33b3e099f9f8126e0','2019-05-26 18:21:34','2019-05-26 18:23:56',NULL,1,1,369,'1 omda st from fasel talbya','1 omda st from fasel talbya','giza',NULL,'12111',NULL,'01061690939','+201000349430','01061690939','123'),(12,NULL,'Zewail city','AHMED MOHAMED SAYED ABDELAZIZ','ALDAKRORY','Play@gmail.com','4e9d528c8a60933fd084c0831945e8b4','2019-05-26 19:12:34','2019-06-20 12:43:48',_binary '\\\0JFIF\0\0\0\0\0\0\\0C\0\n\r(\Z1#%(:3=<9387@H\\N@DWE78PmQW_bghg>Mqypdx\\egc\\0C/\Z\Z/cB8Bcccccccccccccccccccccccccccccccccccccccccccccccccc\0 \"\0\\0\0\0\0\0\0\0\0\0\0\0	\n\\0\0\0\0}\0!1AQa\"q2#BR\$3br	\n\Z%&\'()*456789:CDEFGHIJSTUVWXYZcdefghijstuvwxyz\\\\\\\\\\\\\\\\\\\\\\\\\\\\\\0\0\0\0\0\0\0\0	\n\\0\0\0w\0!1AQaq\"2B	#3Rbr\\n$4\%\Z&\'()*56789:CDEFGHIJSTUVWXYZcdefghijstuvwxyz\\\\\\\\\\\\\\\\\\\\\\\\\\\\\0\0\0?\072z:Iq$cQ랔\!t%b>|-\\\A1\9Ǡ\\%19rd\jAk-#\)|\<Ԇ\9Cd]Ix\\\MPzR\  =:PA\0\Ȩ̉Ȓ<\0y\nI\\d\b>N\Z0\O\r9\\\0T7<\\\朓0e\\lAb\\"\'\B[\Fߗ@\_x?>zR<~\V9㚶-r\4\\<!\$0ҁK\ŬďZ>\3c\@[ \0A\0\\ \qN3L\n\0ȝm\sB\ɞ<\\0\\cD i6*JI\=)$\˗`EL\'\'<\'\\GNIf\)K4\98t\b\۽h#;0\H?LEc9\\ngKq#>D`{\D.$\@sz\\\\sa\?:OIc\\)\uQ/=M5\nW\\N?2\\L\\\C\9\c\\yh^@q\{s\'\j=&D\\\0nL?\ܟcjTq\9Itr\qt\i\\!\>\"tJr\{\v\qMy\N};\(؇#\h\YUL\+v\[4\/Ji\'F3\J\OJ \t\}i\<Á\cd;J\0A@<t\1I$ǓL[uRL\~\9J\N\0\Y\RP*\\\\\yW\'\\%2\VNNHa+\'Y_/P?\\IhT\rmy*d]Br3\5B\\*T5G<yS@\\)w\zh:nڔ*S{\Z\0m\0Uʜ-\Ӱ\J\Z\q\r&i}\\i^+>V\n1\Rƌ=/G\@hW˃\/\\Wa\ZV\Z2\\y>\\Ws\v\0;SH\;4\LL@\=\!SE\\h<S(\- QE\0RQ@:z\d;v\\zF\0\n\0}F \dO_֢>o\'m\\\k#X\m\[<\{Z\#XwxFCsf|\#,]_C\\\\0\1\\r\\&\&7Q&{W\<I}<\;U-/N	ӣy.(Q\\\>^i\4M)\\\;H-2O\r/pQ,ws\0swǷ\0_֗ZAӵg>cdk\'|LAlĶZǴ[J\=\<\\Zfq\/\\[GʇXw7\s<\\\\v\\[y\\\";d\0\n\\	!]\ce\Δr\\z@d\\*Go$ªE/JnǷ\\A\\J\V\\Y\tvK%\\tcu\K{(\q\I\^f>9\'p\04m\=\rY\ך\<{$+f̲\lX\2pcoC\\7 u9R2(d1\O+O@.![\\\CW?ҹ?z\+&\'\S8\\E/\C&9B{gօN3~ԔO\\ˏ\5\z\\~\\\ }3H\r*`m\c\Q	&x\	\z{\G\4?\O?ާA\\\c\\"?:%eSjx\'\>*t&4`ьuɠE\\ܽ4\wcߚJ\>S\\\@\LN~~:\\nw;>UC$}Ó9P$~(l0\	H\]}j0\ӵ\tܚ\0fg\L{j\Gϩ\0\Px\>擨\sހ%S鞕/s{\PO8#Z;\rB\I\\rL\\\<_\@F\F\c\0Ra\Y7\\ǡ\)C\!\/)@*\J\5/\b~F\9ϭDE>I\0t̹$3w8\\F\"|z\IM\\0,D~\4\5\0\"\r۞\" \0\3ו\8|0\\\@cBM؅\j9f\ \\:b.\{\>;*n\038.RM$YA2+w\?4Kqx(F:l\G3g̗/\8\e\\\Ixe\Қm\\>Lcӵ0ʔ\Z\dG?o\\mn8aԚCc*\\mʿqκ#Vr[DX;\M%H,$ǻ?\9&j\3\Z0\nai4j0Ԇ4\4\]J	.۫x$\"\VFh\d=5\0\^xv\T̎mOY\0ʷָwH\($\P2,\փ\NE\\\Hb\6B\\"H\MI!\c֢\f!c\\rFxKܦ#ƠC)ʐ^c\Zŷb4?aIM\\	1>z̾[~8&4W(\Q)hpB늖;\ZXӽ19\t&\n\ZL@H$\\j:6Nf\1\8\vҾ\m\L1=\T6흭UB\jj((u(\0\OO\8SLL\n,KMSsNH\\TN\0dҹ\\\\0ר%D\_zi\"_ǽr#B4\}a\0qh\#͹\p\\\|Q<\\\)|\Y>\\'\f\VV\\rj*?9ϭYӯ&\do5kF۠˃/\\W\E\\$\7	߸Qڀ.j7\wF\\b`E\\Ɍ~Z-e\\\|q|\\=?\Z\j_-\{\[\1\>q\r\֠SOu!\j2\=hoU\U\P;nDs\C\XvwHEGcO\[\xr\\m\gU\0@\\:{\Zu\D|\0E16\\\\r\ߥ\0I\T7\QՖ5\d80\\'<gޫ\\\V\n6\'X<G{V~f[G\"G:\~?M\K;Q;`@Vif\dS\Z\0\\I\0I\\5\\׮>\	\`\\'V\\z\F^	L\#\q\w)y^Y1ɠq<\%t\X\lpY\\ӎ\&+\x \0Sp\uy5364Ed\=\nh;Pn\\8\\os\h\3i\\'HÃhx):ғW\Zv9\t\s\\0\0Zeh\\ۚ]ɞ?\\F\"\\n~i8Ҥ_H\Q=#\\n\fĸR\&1\\NT\;\4d\w#\\0P*\'/s\OZq5\\A+?69\!\~iwǘsm x!\J}I܏\\4\+S\\2w8K}B\II4<\r֠\f2\{\`K8#9\듅\PX\dE?s dS\\&xɕr9r>]?\\_\pzd\*\\\'I\oAzcv\\S&Ns\P2@8)s? >2\T\1dv\(qr\r[\M2N7\Z\92Oz\00s\\0]#x\0\\897J\$\R~N\\bS\}y\3g$ǡ\R!r;}3X\_s jljq2~b\yi\q\=k;\09\bREEsH\r1\"\={S\\0n\\&s\\)~\˰I`\\\\4$!A\n\8ę )\9?\0> ~\0	\\r<c<\04\\>>\\0?s?J{\H\iM\\\q\n\7 \K\Y{ӄ\wy3\\}\JmQ V\'\k5\\7FAs=q]E\io\\'\޴\M4ө aq4yb#\"i\E\0As\k<k\'\\\0ck\@玵xF\\i%I-$\\w;P3\j\\\N)W\ު\n@(\ԝL\\(4\0iHy54C\,PzT\*9\\nv먼2>\+DsM!,Dw\`dӅ\0u(\j\nQGjZ \\0#\rUh\\̀\1\U=IfW\Oq|\\Hf\z\cUot\ku\ͻ?GZP\\RM\@LLC<S(\\'M(\r*!~=MbA$\1\\T=Al\\\̶\\fY	\?٠M2yH\\0\4\\n絟[Z\9]\?\\?\\j~\"S\g\oc@uZS7r\}ؗ\\*]\(,\p\0\'M\T\2&s\\@V7:ǓgM\'|t_r{WA\\q\	h`N!?\YW\\@-\0d\\֍Sh/$e`d\\\>ր)r\\\K\!\m~\9\Jbk\J\'K\2F\{U\&ծiG\n\x\0\\~{V^\\9.\o\\\bN\n\0Ͱ\&XWP\],\!\=\kJ\Ŀi\\;\NY\nv4zgj\\u[\&[\h\/a\GVӴ\\\cc>b\0>\r[{.cGJ8h\+\n=*K\\\^*tfzVޕo|ۭfUA4F?\\\ڬOtך\ei!.>\\0\\#\@\L\\/0j9\\\0w>\'Yo.2\\NzD?vё\Ǩh\\]*iv:}y\n\mc@\f0yg\ϧ\ր1c֯{FYu3N\0?xz\\5K\\(\\ǪSh\\6g\>\\٣ϚEJ{˻\y!GQ\@>xno/Wȴ\;1\\\Ÿ\de}\n\W\"Wq\"j?B\=}ϭ\rZ\Nd\n׃[ۜ\/4\sV\ӣb&\\ѫ	|As_Z6 \0`퇍Ǹ?λx7*\?\'\0\WS\'p\\ֳħ8\{b#d.m\'亚E\w\\\<֢\0RQ	\k2V8\vj;HÌ\{\\\0FmI?X\Ao	\Jf\=\\^_\\x=A\ćͷ\\'Ҫ\ehPkk\Ŭi4c>\I\*#ަ\PN\Z(?\rD<\\S\d\\\\0ǌ{t,ɒ)6 \{f\-\'9ǧK0\\\\\K䑌\I.G>^\{\\\?.e\;\0bm\81=.7\$\O49\\Fb07}qNÁ$C#\x=NO4$@v\sNe\'\{I\#\\\<}xV\`J\>c\yP9\yDQEYI5e#C\TN#\\0\E~O\\&1\x?\G\r\h@\<~>\,\ \D\\$pG߀0F	\S<gǡ\\#$8\i${\BTQd|s.s@~\:/0N4\$\0ǲ.zd\0JXb}\0\(0\0U\\\\ɜ\\f2@\)\0G\\\\s\Jq<\0aHH1\^=[\d\\29j\3\\)I[\r\Z\\ 4V[c\߹\'&jo\\\0㚕\"\0F@\\01Lr\ S\\E??*\қ{ Tt*\&	\\\ZF(py \oP:\K=Ԓ\\0-\0\ό$\\סh\\7ի3\\{\'5%x\\nG?rH*}F+s^\-\\tO>\n?v_\\0y\dU`\LDt\\h\0A\jh\\ngAO\M0!\EB\S(*tN;\HjD<U\\,\[\r\D72}Ef$iu%\WQ}\#\w\j\Z\\"L yF\\>F\tj\Zm֙/{\U\Zc\\=h\04Q@\0}\np\rjb$͈.\0?J\NGy\\1]\0uO\M4o9\\\ߏ(եb@)\S\0(`bR\nKYQ!a	\\{PI\S\\n4*>kx}=kQ\H6pBu\?\P\'\ԊɏT\m+V\\|	?CL\Xw:\a\\\\>o\Y.\ڔKg~<̌NfYVY\Ko8\,MMiZ+HL\xU\\0\Zu\֓N3؎\n\E\uq\"YYw\룑W\ھ\b\g@W?-V+Zd\\G,g匞4um\ltKbf!\'\HPG;{Yv:Y\\9QYwL\؂G\jY\氈yWv\\n\c?z,Ԛ>\t\Sg1E+;^\\\rWN\kc\$WY\#d\5r\H]\0[_ޡivAmn~Q\'M\To<Ar->ŦB6|\=7bytۍ>\~UQI?\ooC\\@ˮI]HܖʜeB\0S\S_HzHb\*kɖ\\O;|o=\\'qWm+\r\<6.w6\&?\0gY\\Bnn\K;\\^7GS]\k:\\MJR\01\uZ\{Q}so׺`>t,$?+ \k\PH8߶	2\0=SQ\\\.\ʼ)\S\\\ }2=*>5;?&x\m>\ز_\\0\\џ\\Kkr.ɴ\>ʹ\<~u\	\@\r\,{G\̚cENOVj1\Ko$aKx`@(@\ְ\Z+\R=NMf\\D\\\o_κ=\nՖ\\\\&\\f3\u Z\0\ӛ=\\\Vf\\ǗWjݾїX\Zd[i)\~Q\>\QYK\1\0#\Z]+Q\\\/\fO\(\\"<t\CM?fDʖPޞ\jM6\\V֚E?\vGsHR\\n/X\\\\a>{\0i0[bB\\1|p>hOl\>\pM\\92\\ks$& :Q\\iDjNz\R~b	Ѯ\~U;\TZtM=pG\\r\X\UM\ܲ\\n\r\\r&	\@b?w\\\C\!<\gK\\\	IrPm\1t٩\+\\\\0\K\Ɨ5\\\\\T87V3G\\Աj63c3f&Ұ\Y\s8\.\0\0\֬$\H,G\)#\O\He)`ؙ=})<\\շ\V\0~TU=\r>ܛg\H\\'1\~Ldy\⧍	\'V\C隸%u$\\P1GFs \J\\:z\n9ӞPID$<\0փm3\H95!\\\FzHm=A\0\')|\p}9!9?AWP($ic\KӱqG c>$S>3\FH\v^I4(@4|~\0$!C bZ2@6\\\K$d\v(Y\ؾ\\0i<\H\02\	b̒`ru\0\n]\\hAg	@\2\!y\\0\\'rjMcι.GJQ!(\\c$C֝:zB\\$Qy\l\_\0I\G\4\8C\}*1\\RJ\qۦhķ\.N}}*?7y\!}j#\RłF!>\\&,\Ȁ\Zx\0\T8\8;\H\QRI4\0I \9\^8Vy`\\{w3C\\"fF>\5e\/\\\L\t\IUtΗl\m\ժ\ĉ\\Cr\Pw5%%\"(OW\'\n%\1>ɦy\Hʷ \0\C0%4d\Qw>ne3R\\'\\i\'\\<\3\\\)?XlYIdp+#Yc׌c{	\\>tD\0/RΤ\n\|se\\'R\8V\]\Km:\Q\\T#\H\W>]2\Jw`e_\\\.\\0\R\ޢ#=hzN<}(h\J5\Zz\M\K\4\O_\C\?r\ҦWB$\\\#>=@Hbhe[Px}:}\^\Z6>&f?\r\τw_\\6\D?\\f].}p<\'?t\rT(Ez\$R@PFA\n\ܾa\jO\\U\H \ȷO屚%r\\z\lj[)\"{՝Q:N\}T\0Q֣֫hz:\@ v4\\ǃ5?>ݴ\\!\\;\WQ^\0%\0u\'1\e\$C\\1Uw\0tw:\0\\46\\r\QSA#\0tg,0ڑGC\Oj\5_\\\\el\\ݻ4tk\X\xٍٳ\L:ǥu\?lt%}\\I\x4u\B\\\c\\w	t-LD\\\i{q޽?V\4\F*\m(\wuork6hM\ݢ}G\0\b?\0%M+a\'d\1\rYGB\\Z\9\I.t\2ZZEko|\Ď\\\fC(\ģ?6}}kӒmR\`9($\0	ϧ\0bh\ܭ\:\&)\{\Z\~$Z1\\b\;\_8\wt\k=XF\T\0T\\v\j\5+b\\92/\ڀ7n^ٴD3^!\s\ \\r`Ǩ8[KIvvs\#J԰WF\\{\\tp?M\\ZxvT\\%D\iF\\f\'\m\UjV\p`8qiv/.&e另\\T\\0\Z\\\\f\M)߀N(Ԟ=Nj\˞\\x\\0?\0[\\H_L\4@\\ga\|֏$S\\0&ؐJW\\/.\,ÆA\~Kc\u;H|j3cX\nK\\\TsOQ\Zg}\\H<;`.dY\%GQ\.g\,Dy\-\0X\\tǨn]\w T\o\	ϵ\0lk6ifE5,Oou4\r˓\ֳ4\\#D\~{/(\\|\z\ں]:);C5%Ym|\eBz\cIM&8\a\K,͙\oB{PΗ\^JBil \	\ݔ֩_\:=kn峷=1\\\z\\\Z}׊(;-ͫI<\ўp}q]\\\"˸\^\s1\\wy\\\	>|ȳ\Q\rkuK\XU \rnS\:Tou駏\Zj+?5\\\A\?U\%˽\\rus3T\0\\j\0[RQR\|R\F\m4\0b\\,V\!O_S#AԷv$\0nH\\0Ǡ\08n5-|\Ex\\?Aվ,+ͭEM?GL\G|~\0z\ֺ$\NS4n\{P\\Y!S$\1\?\\F쌀)##P\0&j\QZ߰\zFR$\8+\H\G\E\y*玣Ҵ2\eϵ;\ZM\r2ƙes%\˯\r\\\8\J/\ɲ(L5mcH|\\0\=Z\Z9\v\dP92Z͏\Uk\VIR(e[\<*O$\ {֚\\\Zb]BO\\1\Z\Y\b\5\"\\D\e\5드\׍%sy9\Vxd\2*H\?*\'j\D@\b\0D|d\g8\#\0\q\TBBN:\nw8	6d:J\=lt#B29SRG38\'+#yp	z?ҥ\\ڌ\\u\?*\0f\z\\\\NxS\\x\\\\\q\\0K\\[\\i<w\'\Mg\'\Oă@ބQ\B\\0SlaK\0OLFRg${TGˎ#\\6y\R!\"c\0c@6@\qژ,\8\n\9Ą~,on\\r)\+iA>f\!@BT N6F\\ԅR?\\q.;O1\G8q@d\B}!\c\\\"#\r&\ؠ\0mtp	ϱ\0\2\]l\D**ђRq\=/\I(X\\6|\\\\0w5\r]\5dĭ\S$,n\92\\b\g0\0Nh\zc\e)\\Ǳ\arx\$\x]\:\\✒˜F(\,y\x?\ۉVz\p{\r\J` \88?ZCT\n_OZA#)\ZR\\8 N\n\0~~\97c\\\0~90\\0M0<UX\\b$Ʋ\\'\'޻\C\Z\\\C\\'Ky\ye&M\3]\<{T\ȩOX\ÿ`}\\5D.\צ\e\\u	V,\=D=yƳf,\]#\0R\0<OO\\\6\0x4\i\\jDj\rJ\r,\n0\*jU83N1\')\\\Xj\SI3ԟ_ZXd)  }+>\?\$2|\NI䵹i\c\i*a5+a(\0p߈\kKY\l\\'\0AAܑێ+D&\Q\lid\0\Q\r*\\r\0s\E˱Lz\*?wme\bm\\7jP\Qt.p5\\TZޛ	ܟ\\d\0\gwX\'Ԥ\|\.f&\"\\Ƿs[_Q\miq\G^\LG5ơ\0O]_\p\nD\0\\$èkQ\\\I\\ƻM?Oӡl\\f>\fY\\ \\E䇭t\iMƢ,QǗ4\G\w}+,\\\\{\\v#\Lߚ\f\QECl\\\]ƳsL\rj\\硫\\\R	\\\\#\TzZݤ\\Bm:&<\k\Z[\]\\r:Ko\?\>\ti\&{ƣ\no̣|[}>\0\\\"\r6u\&nM#36Oq\\Qΐ\\\\--\\я^\ܜ\4\4͑4O^\M$ӮnA\Z\0Ǵ\w۵;\0Om&\WQq\\=G\\\ \3\gG[\0Oj[@@C\'7N}NkևP\\\0Sb\}\㧯\0I$֞\\yymw2a!oE__sF\6\WX\dg\"3<F\-]̂)Q#ށ\\[/\~]k-5r\i/\@u)\x&XVh`P||Ͻl\v\Z̛xZ1d\&\t\ȒCC\#4yqN=R\W.֔Kd\w\~%\\\ӭdP3*I=Mg\V0\K\\\иٕQc\#W\E\Oel\=멚\\M\-\"[²mH]\ǵ\0bxb\\\9,-\\nHDǾkWPL\5L\$\h?\ڿֱ\rZ\[2]9խ\\\:\\\3Z<уu%l\.}y\R\]<\\8\g\n\~	\\e7x9Xr;\3\XaB+kY}\Mc\\\jI$QM\[B7O(\0j\\PA(U\b8TǷ\sXη:\.\V\ĹX!?Jm}-ĭ\\I?\K\\ڢ\iQ=\q_\Yi%ơ2\*{FדY7!\%k}55\A\0过5J->\Ss\\\\+b\!\ZP\v\n9)\\[%K\F\;sZE5\\n6\О\ziˢg\ՄIV8ݼ\\1\\\G\Nq\0-\n$imek@b~fa\\0U)\c7\gj[f\M\\E\p\Z6W`c\矠\jݜ\)\\\\\=G~RԥUa#{\`{i;X/\'\\Z\A.F̗ApP\c\\Ow\7WE\bcԑ\Vm\ZlD\\@\)\2J}\Ƈ\=G\\0\n.\n-\sq\\m~\h8k?U[=?H9#tK3M*0#-|}k&\Z$5\nlaQ\0D\:\\0wIc\f\\\\sڥ\?ЊC\\0]1\\\'ͨ\0a\ߊ\$å:\j@#;\Z\22FzT`mr~pϭG\\\P&9\4!\;\Rz6\s-ӏ*S\9\G!|G\\\=3R$3O\\\Z\\\i?\"1\?\n\0\o\S8\PH\0r;@\\\\y-:SGvx>	Dq\\cO\0l\\\?kGᐌ\4\W*\\,\\DÒ;\\\4\H	\}3@<\8$<\\sۮhܙI\\V1\PY\$O\ҋg\'\s\n\\\\0\\Lb\\֜&p1\\\\R1\l\ZQx\i\!\'nWpsj\46Ɍi\0Z`\0=9B2!|zP\"6irKlR\"\4=x)1\j3&G\F0!\D<\)XH2;x\XHE\\$\\o\ydc91?N+H̽IKIZ!}!\Z\\n~ˢ_L<Z0h q\s^6qF\'Θ/\y8\b5\a\\WZ9\N+\)	S\\\^okc\"0I\\'HlSq݇<|\\6FBӚj9\\9\"#2\#\t\n\u;}jcQS\\q]KȈF\0\'\\\\p?\0שp\y\O*\\G)\5M;ՅfK@QN\Z\Zp>A\Qȥ?5$lqR\A8\OV\D&\ҕC\ny$`{W=(A\ndx\ˊx\2A~6\IH>L>3\F\\\He)s}\A #^3*\rAD\<=[KI?\\?\ƴp㨯5t}U%r~\/\\޿Zv#Q\[\[8e\\=\\r}-g	$\\\-\'Th\"\\n`A͡ZhgY2*\\d\'};N\\\.G\=G=bݴ=\>\\0[o\\0\\\\?C_^X\\r<YB܁\a\\\"Y5	yIl\O\\ү&I\Fa>j3z*ѵoK\r\x\}ܿt\r\m\+\ʡBƀ,\ῴݬF\d\\%o\\#$\0}+U\\M!\Z͎\fi\~YٹF\Cg\?o_Fgu[}=.Z\7V7~\n\5͔Ю!x\@\\9\\a\UD\i+pd?\"z\Zxz-2\g,8d9=\\\jKo	-mUkh\8\lK8\"mCPh\\\e?sG\M?^w\un<\\Ok\0\\0t\Ir\0\zX&f\,w\0=?+}j]^\3kP\\\0?J\0]f\ZO-\\\<a\B\\[:}f\IDJΕ\\O.b\h\"3\\\wX,7Ǡ\$_K\H氝Ri\T%ަ|\\k\ybB#|\6zݪׇ4oE\\^;P\[Y\gkw=EnZx;KyV\//P};5=ֿ\m4зs/)\R:\0.i^\|\|S=>^\wٯ\\߼\0eO\Y\jsQ{OY[XԮ<ٿ\\O松lW\\jNdz}O\R\\\:v$\\0;I\0?Jž\\56HbBOտ\B\KÖ#\Ξ5dr\jZq\\aG\SZV6\\%=d~sWm%\CX\S\l\kk+\OS\(\\sNC\Li\cv\=TkC\0,Ӓ~THc\A*A\J;qdK\\CZ@:\e)pa^\m\0\mS\'\O\D\0\j\I|u\&x8\a\6\\\Ϝ@S$ʷP;}OjK\\\'\f\\N\#\YS\=cVCcgC²Ջk:v\Z@5\8!#\'D4S]e\rɳ\{}O4N9]6{y\\S\\_:r\\\0}Cqo\uZ\\amWcƐ&yg$\bBqj\r\Д\\5i볭fMX\9\'aio \5X#?\ZC!\\dP\0Sч5D|}i\\t\?@TVY.I=)1c8\\ \0v\Z]\̎#L\񧖛v\\)\"\00%֫Ivo?\;Q\8ʠ̲簩~\\\\'֤e(H\7N* \Zvd2r\֤\$B\\`1Ø\\\q\f.$\@K\T\=F0FDd{A\:W-T\'ɨ.{ESS\\0  \\\08$\y\\\<t)2\j\0\?>\'8\\\2/\L\ę8\9\\0HP\\T\_\\\)\gO皒B\0A\q@G\cVc\)P-\0\0+e}\0(h\\\Z\\0>qԃh/+.ٟJsA xn<)p3}&\\0ǩ4\'\\0a`?\\I=ϡ4\0;\$ i\\֘IrL`Zy0\cЎԌ皚\Qk[>\o-\\0|U\'\\\;\	\\r-ɝc_D?\'٣\\\?\jzG\'ހ#O\0W_\\[s{͊B:\\q^/\o\Ga\~h\<\\yq\Jw.\y\\m\$)|\Z\\s]L*&]7c\080\Qs\0d1ğ \0Q\\0~eBӽɮ#Ney\\Ұ\.\*[s\Y{̎q\k	\\-\\"\\H\0\\q\k3`+x\c\\'\VFi<}?\vME\Ƣ+SiJ(AOj\ZwZ`J5(\Cp$T\"p\֫8\=_0u\\j\N\pPpEZ@0\n!s\i\b\Qp\\SDɞHrx\\Jùy\<Ӷj}hq\JC/lƋ\\:Wm\\[\VF\cFc\'\0\*\܌\\%\\\w\*ћ=V<a\ud+wh>bJuks\W0\*o_b2\u\\r1[e`/\g\\\\\\X؞\\l\è\q\dK8\\?\}_\o?L=ۭ\\۾{{zW3\Kmq\"\D\Bt?O_j`O\]_\\9+\\,&E\m$Ӧ1]>m\\0W\0q\`\%6c\4\;K\1v\n8\}*d\, \^\T\\\?M\0W\z\jb-1ep\y\:mݖZ[\\\\3InJŹmFWԟ\|\\Aw\EqY\\rya_^%ı\FY\)\?)<7\\nOtn@\'\}Oė1ǫ\%I-a\:Uפ;_<\Y(m\RY@\\'>\ehK\\\	?qy;Z¾XU3\4-&\m!Ulx?F\na)\Eq+\\Iݩq{KA\o\\->\]l<W)\o\\\0JԸӴ+am[02&d>\5y]\\h\\Y\rԸ	Q\5B\I%\1\O\Q\Ow=\Ľaa\0\8\0l\}h\HI1\Z\1.?\~\0NR\촴d	\'\;3\5[R\\'\%A\F?\\\\"n٥}\8\g\0$)\05F\M\_\nU_rIoUc\Y\Λ\\m.Yy\T\\]DDVq\յmGn\uG\\qmdTO\\M\j1g2&\ \54md\Ij\{\\g1H{Si*S͑z\|i>֐\,bA\}|Эz\~\0ZA\|١_\ؚ\\9\'\\\\\rGWЧk[xQzfwob趚XZ\Qogɑ\oaY\\Qa\Ychq\מ\Ԗv\&\;\oo$f3ħ\\Ϋ\kE\48E\0c\#R\Eƙn\\\\\\E\"\j)\Z\9qYzwub8=+0\-c\rI&@\oJ\\\\$G\=h[uAO8?\Uc$|ߥY\Ϧx,\\ZF\zUAu\2\0S\C9\R\\|v\'j\O\F{\$}\y\~\H\\V\H\\ҙf^/\'*O%qgYd\\\0(A#\0@Y;˝\0Za1\ZCl\G\!\H\\@6!R0\B:1WX\`Ș\0I&B#RV\pb zT\l\6qL2F\7;)d\\n=q@\4>c\җxt9ag4ǐF!\8\\yvp@2zut a\I4\O&1\?FP3\\0\\\n\0v&NGX.OW#2˷i}CS>s}\0I${/!\H8\\"}I\NGjX`:\jh\\h\b\=c9q\}J6\BLJ\"\\0H#\G8Ks8;\G8-\@N89\\'pG5 w\I}\N:\րR-\␛ o\\7\=	\l\0c\\8\B\8<yd\\00y\2At\ܟ_\\*@\\9ϛ\\0\0\\y \c\\zM\\\\إ0\qDd\)#<\}H\5\\Ds\\R\O)|H\E1\\\)%P\{}fzo7KD\\1L{u[#E0k`\@EcINs\5<\m$9\ڢJW\G\;G\֘>~91D\>.\\\߷b+z+\S\f>RI;dd_2&(nByD\\0\0`w:$R\aal@\y\rܒpw\"w6\"C\\$\\\@	\C|\0\\m\L~KR\B\0\@z&sq\\j\\"\Ԉ3چ59A $zww?v1ެg:x9AZ\q\p\J|\~GQZ\\V\\\z\\*\ă\rݝ)nf\\X\Cq>\#15=1\\Z~\g;OgWJ%&@\"\\Y\Z(wD\\;\\y\ڢ-FcO\@Ӂ	A\\`s֕G5x^B,d2q\\2g&\a\\\t_LD\\n\Ԍ:\r8~t<\0>\9#Y\޴dN;׊\"wЙ\x\'U\KYN\I\\\\붯!\4dSGc^ꋫi\%,\\\~d\t\o\xx[\\\PZ\\;\:\\=B\bu\x\\kӪX;$Wl9\0\\01@^_J\[\\\q(\\\\a#֣\/!ilo[\nyr\0Ut\2\S\g	r9g<*ں+-?LӬn\\\T\-0\y\\X9?zX.---?tnYv9<\M]?\4y\QzF\W\\\XyK\w}~Ͷ	Ǩ^+\|3\0D\°Y|Ȣ\r\y_J\0\\tOQM\'Ϛe\\\K\\;\\~_\\rp\\\rݱ\SnK-*/\DK\"ml0\5K\UMFP\\in\'=Z\^-$\Zf˗\\\)[{\+r\\WRfLg\~&[޼p\d/\{V}ָ\"]m\ڝ;bqqLf \ z*QY7:֡\'٭# 7H\䟩\K\\I?Ͻu\Z~6c\\'\i\,aXxp.%\s!\}OWGkb\"$10?Z6\fu rrpie\	\\0\B)z\k\9\\ң\,\\#N=\H\\\1t\\\)\\H\\1a>J\A#v\?\}O\\[=A-ef\n\r\庖\[F\*\Lu#IoZKy~\0hh\\rM	\V}\{6\<SmS\RAmxiemJ寯f\\Im\sg=\\FF\ņ.?*>c,k{{Bw(@\y}SZո\pv?\o^P\\\@uuu}/urez\Q\Ch\S]@dz\Z\\DS\ɏ\\\\Z``4\\u<s\S#!4\a\"yL\8G*4W\\zU\\\{\\ns\*t\\ҫ69(MwN1@8\\'GG%9\Ry7F\{\Z_*N\c\f\'\̑5)<:\JqD#WM0#F%\0\?\ \nwSߟ~*Ako\eC\\TIdS\\0@DYߓN\B\0\?\\Kv\\\M%<\0J!M:HreA\GO\1\Pj@ii1\?ި^b~.=Uw)4\\0դ>#o\h\c\\0`!(_cx-7ʕ\ {SB8<۟Z$u<2y\i|:qOJ\\/Z]GР~\\Y;ͺGܿ#\99\q\5<a\\rX>\oLw\\tx\8\H\r\\0\()ovd\\0e\&>P>\Iqp\ޔH|w9\\0^lH\ᓜc\QI-ǘp\R{\BX\0Sb^F\ߟW\+\qq$\Q\\Đ\5#\c*?\N@\\0jFv)p=R0\و>\#\r2\\\>܃\\D\})2lH>J5q@\r9\\OE w?QJ\\Ҙ@\7\!d\F;\W\g=8\>Zr臊\0%@	 O%\T=\PP\0$\G>GL=($\7)K\\';8\'ں\n\49lC\s\]\[\c9n#PЎjAE\\zPˍ\8&J\\dƸ}\n\\9\\7?`\ߚ\Gn\0b$2\#Q[zc\>\0*Lj\-\@G\y?8~b&y\ߥ6?\'%̘\# \0Jy\%\_2Fǐ1\r??`\p:\Q\c\Mpd \bpm#`c\l\vH#v$~Z\\FNALz\\ռҀd\\\"֠KXA\\Gy	&h\Mܑ|\\5\yr%~\}\0^\,\0?\=j5~X\0gfy\(>ͅ\0\cU{\V&&M\(\\Z_´~\\\;j\Hepd?9Ll9tv\\/4K\0}\\0\W7[tsIYJ\r%\;4qQSE{SB\\\͹mc\0\\ÿ#\b43\\\]ꟲ\=\Һ}WF\KD\\ÁO\#cƣ\n%f)hyiĄ۰\\M\'}	ź9e:\\;\rE\|\Zɫ\Zq\$\?xG9ڗ\#1Oq\\=3@\p磾=jW	\p{QqX\oƵ|/\r/TVŴ_}T*{U\_##\\{\\\xd\kӍ\3ڀ2z}\\{piy\i\-l eGb\rh[@]Mu\r\Tǧֺ\m,e[\-U\`1*g.\x\Qi^cq[8-\\Y\#<\u\:On>\\d\\\>\j|Csd\ּY\Y>\\[\<\%$\\2=\5FK\k4\"$9\>繪bKF_\"\\'rt:g\N\'y\Omk\cZ\\Z\\\\\'Otfia\O>\z\\;Vս\0\8`~\%re=\0嚀؊=\;\${wi\_Eog\'}\5\\J\\\\\\mra裨&!H\\ry:0JƑ\H\\~\yh|F*WRO\'\\\}j$r9\Hx5J/5J\%f8Q\U$M\rB\9n\\A\\\Z˖\Z^TӢb6E\ւl\v\SIU[̾I\`wϯSÒS\\@zC\\\\AM\Z\\\0c\\\Ku1\VSՏ\'\0R\jcoPđm5>\n8-\\S\\\?J]4D\0	>p񸨆rc|$9(>a\9铚cQ\0:\pp\0\Ӽ2\0\\)diyb[pF\\>}@r9Cuql1\E>2\63r6`⮢J8P3\R88íH.!\HC\\*Rd\|\N1\H\0r=\\\=0F\0`\xbW1\\\\Z&\" >\\7\0\x%\;OzM@\=i{АGl>)\ Jc\ɠ\0~a\i)G\\"\#\I\\03\\Њ\0d\j\0f#\QyFORy-\0\s\T\\>)_e/^\R\GϠ5,qc~r?\P$/ \G;T\\G\\dB\(\#\\\\<ǸiIɞ<Ԟ[#=9\8ŻOӁ@\8I|`zԂ23\\R}\\0g?J\0K\\t\47\*O5\9\;̐\\0\t\:̌2*4F?Z&H\#\0?̏\\\椌\0X=\Z\[0X \SEw\A@rI\>\\lQ\F@JnGs.x\'\\\4ᄑ籧\,\\U\9\\"n-녠89 \xK,@t|\5%\\9Ǩ	f\l\h\0\0z<\\0Xk8:\֐C1\@`4ؙ	)\L\03\\\\0G\$\qR \-\)a\Z.s?^\"dg\0G\_@j4L\N\.\aP\{Wskx\ĠםH?\\0\eᛑsF\'\%2j\\ը\\J\FT\c\\'\Ld\9h\\0j3rd\Ix\韩8\U\0\'9M\0@˧/^gq\0-I\駁@\0>\\)\\F2?\!\;\<\\dU)JE1\\MM\'	q#⩼q7\Y6~:\ \}?:s#?~M2C \'̚(\֢ܐ\ͻ \H\	\\\c(AOElP\0\^1R\n8\o1眷8(\Ԓ89؞$\a\8\`\Z\Io\\\G\1fl\^3\C\,h\8a\sڙ\'J\&t\\%?c\OMb`6)h\\\\_iw\Z؆/1^\?\ڽ6\\8\\WlQr}OU\l![{h\=z\}\J:@<S邳-[\\\Y*\^Ibs\\\\kڵd\`%U!a\\\\n}\ch뤸<rS\\ʲ>н\د+yLc\YhNOɂ{gpN?:q8Se\0?JC#LƂa\r\ja\OO\j\0\\1\qUdR=kRL%x\Z7\\LM\\\ҵ\\p\\\+\`+xtR\>M\z01Y\ɉ\0}A\VC=(TWv\u\\}\}\\\\\\ʋOӶ\)\;}\\Z\\w:\0k\&kOb~A\\0ALCg\i\Z,F\ߣ\\\\Ƿ\d*!2Gr$\0E<rֻkX\`cAڟ$bD(\ \-Vy0;Ozю\(G)砥\\"\@;v\nI+ϲBX?z\n`,n\\Z8\\Hp\0~K\n8\Ip8\WI>k\qv\0\n\d\\=%\\0*ױ)\zo\MILEjZBp\Y\\|wdӃOtݔʫv\v/ޘ\ou[m#.\0\˚V+o\r!2?݇Ҫ0\<Yx\3-#{An.!%.d8E#\\l}\\3j#YQz\\5\ZL\\b^\nt\)\\\9\O\\j>sN_zJZv\0:uY\\9&I10z\RS ,\Ss\SP#\<>Y#\T\~ԱyD?|\nhW<Qpq\TـHu\'GJ#w*do&s\\\SA\f\nn\ӵ(LgRnA\_\4/6ƀ	@2>\Q G&\\}\r\0\\\O\N~AӵGqcVc@A)~s8\bH\'>\*G<Ǧ)}$\^N\>\0:\n@<c\Ҁ\\'fGl\0=O\\ҡ}?QCPyy㨥t\gC%;׎h<4#\鑁Q\0\3\L֨epG!\0\(\2<?T)|Ѿ}S&(ɐ\Þ!\FH\Ɍ:{P\"#8ĝ?\nB6>aW\rż	s\ճc?R(\1\=\G?B*3g\Ö>h\eۏA\05#4߲t\lr@\'\\&\)\\V0Lc\*\6\\ֈ\\+\n8䚐y\Ǖ\w\`>}\>X̛2]\0\0\1\\b\OFƣ1^\ߎ\\f#\\0G\0M\'5\,\\f@)\\3\B1\q@q\R<`df#\\ZhJc\\ޜ\Z\0p>2\Ĝg\LAuSJM\8\|z?:\0t\<\${tI\K48-l\\\8\\'JjHAs\y\?Rv%\Ҋ\ĊI\\\aS*ܓp<Ȋ4\0X*8#|\Ck$\0\'\I<\8 \r9̜s\\\4q/f}`\E\>I\f\Cۻ,S\?ҤOp(\\\\N?\n\0ly\mC_\P\\0\E\\\G)άIǛ+\\\R1\\qV<\\\\9\0\Իn`:D=MZ\qΣ\\\\\0?\}6 \d\\VcA\\0=r _d\Q^M\ 2N\@Ne8qNi	\Cұo/Q\(\ܳpq\ :L\\\a |\\\\:\\\'\!M0,j\\\\{I\\\y<H8l\Zym\o&Hd\0wi\W\r*i\i-q8F\=\ެ5\Ξmh\\"\tR}\hҼ1,\K>\\_J\-b((cTE\*K,>Ty=(t*8\0\O\0\nϻ\l~\0\\" ~c\k\P\'ڍk\2?ő\ҋQ\Z\\\r:\\GM\9>\\0*;gòg$w\'Ԟ\޹\|[m\Q\Mf\R4\'1\\w>Յ\ոA$C\}\ruv]:\ppV3\Os\=\/4Se1P \\0G@\s\+`\T0{x\\\Py( 21TAz\֜\H0$\0\jH\\\9\n`\4\\0\*ɏ6\rH=\?\0)*z.t\F>3$\'\\)S1TI\ۋ+D\?-u&1\\\\nA`~F^d\ GLVD\\\\%>\O\\Z\h\'5d\Q\U%Q\j{\ZcuSGv̲dcT#%ݴm$v9#Yǭ1:!DCzeı\\0;\R!%\X\Zvv\e\\9ؠN\\\bGP}:\0i@CqxG6\zsګ\\^ui$0m#\y۴jm#\\j<\\\>޴\%wiw\a\-,\\0SUX\\6\kF]}\j3yOa\W\*ӥCfGGYI\?3\1֗%BrO5eԿCL\0\"\Ԉ=hXZpD#(ĊW3\8<\\)fԀx@:\\\\\\")pq\OM\\jFXDtq\>s#5ry##N <뚒Q\&܊\q\#~8n\ϩ\c\X#p)\G\OM\\Pc?\@0/\gh\\\RL|f@\Zd=;9\8\"8 @=i\8\`(\\0w\o\\\8\ sր,\F\0\\\aǵV3\SRsyZ\08A`}i;@\'\My$O\\>\\O\4k \A\I$\0\0<Z\F>\&ld\\*gگ \3Sq,\ӸXgz{T\0t\U4c{zR\Ldl.*g\"d\Qm2\T?QS\\#ޠ3\W\aC\0,\8\h2z\\\\Nz\\0R\=4p\=6)\<\ZF\@ ڜu\sǗ(\'F*\c\}O<w$ruM\@VC(\0ri\qj\~u1\'@ObZD2`H\vL\n\\\\\[8>\y2\9LzrJ&<G2쎀+#g>{;\Τ\q\(\vI\qL%\8\0~\O\\a\\m\\%<d8\=qR/~3\@rvǡ\O7\V~>$Á\=3N\5\RL6)&ϓpG^6fJ$\f\ +\.<\2qQ\r-R\\r正\p2Њlcc\L\Ճ\.@\k3@αLO\p:\;^\G3\\)\u\#\$\pJNI5\\Oi3˕\0\M\0|R%*s\\4\z\"/\?ʛ\s\>A@w>g4\7?\\\\$hu\0}h?ޓ\n?3Gą\\'\Ttݵ1.nm\73$Cސ\e\\\Ko.|	Ԭ@\\S\\Aǭz< 4ovɈcHv\02}N*@	\z\\0\\d\\c\7wL}\\\	\"1@pH@YC\\$H@\\S1c\Ԥ\~\\vG	=5\pI\0z\\.\\ZL4E~bR`$СHf]\øj\\6·kuM$i[&D\0\>\\\"]BhıZ\\9=qȤQ\fCcތő\oZ\<=\\\\04\#\}ϩY\f\\(2ϓ\\ϥmE\Tnsϭ.Ē6@Hk}O]G8\Zw!4{-\\~̞^\\޲\\0P^\&F\\L\KG91\\Zl.<4Ez\4<,\\*&Y}:yX\l\Z\n\}sJr8=\\QD\0\)\%Yx\z>h\O\8\+>\]\\j\\\\>*\i&\p1H\'jP#	ހ5e\bW\dA>*}Q\lu\-%\\	\\+\~Յ\.VQVi\Lr\	\{jcnM/med\xØT\*}\\zU]B\\\U\[\r|d)=\Z&,p:t\'\"^I$ܒz\pk\\-KK1<.=k4:=;\{\no\\"\\r\'P?ǊQt\0\#E\0<\R\\ZG\#\)\\0\4J\"OC\G\\<R ޜ\\w\&q\48&\@\0r|*A(\1M\\ 㰥J}qHc\A\\/\wDǸ4HI\db*NY?yl1ϥV0\f?ZB\nnfG\\8[\0Wq]l?7	Ϲ\"w\}Ls\1\&@\\Xp\0׊P>O9mT8\Ptrf:~U 1\'\@q\L\.2v=jM\Q#<\0\\0;\(\\l\\D~\"-\:u\x\69)(hn^G\6OW\\>T\\0qGb?:(b\\\I\.@>\4y.Ң2\|\:oZ\\ZE/!d*$\=T\,?\K\		\c=p`[>H\0l\Z_L\w\\TQ̄#A;\\S\$zl\\Q\\Ӟ\\\"$\<\4\0O\\sA\\(\:+\\ӷ@}\G\${\\\'2\O\\)x1\ʚu\'fWq\w\{q@.8.ۊ\ &;/9D#\	\0(zs@$^K&1F\0\B%$MǷl\\Y\;G\\Z~@>ARO$zG\Hd}w\9EpϾ\B(r\	?Ϛ\\0;. \'I5\\\0c\tll`>ZP\\C\4\>k=>JiV ,?\T6q6:K$\\0ҋ7\\b#4I;\\\}w\0	 \b3A̠tpx\\-pF{#\.\n>\	h&16Ȥ8\v\䚒;G\.\A4g\@\\I\ns\k\n/Lq\/@AS\Ç@\\\\f4ƅ)h JJZ()pq޵q-캃\ZEj99>پo7W2\}3\!%\[\'\)Ȃ\YObF\S\cm\0\0PPsyq/rk&E(\\Yp6lI\T$\\\\K\'	ϗ\GH\0fNQ͏\\\~\\wy~+V\C\'<\BF\\\5\2\\K\\\0\\\\ޡ\Qu9\\\j <x:=\?JW\\wp<pEq#߀;1MR\\\2,0P\\5\\\TSʈO\*I5\@N\\0<`}MKصcn\\iN\G\*O1:/\Jm\\,\\$Бd|{Tresv7$\m#?\\\\$zjcPCBǨ` \4\9Z\'\s]r3׍\C\,?^+B\m\`|pv4\Aw\nЃp\{{\\n!L\05r9\\\\К\hj\\ \W@GZƷsʭF\xf.$Wt\\\r8:VM\ncY\?\\zV\eՔ5Z2uGʲD\&\rpU\I#9ڽ\Z\\\2\c.#\:1Ӯ\\\\I\4ӹ,\3)s\_#\LLRF8r\r7\TI&Î\\\pOʌ\\0\J\RPgz\ZG1\'\F\\fB@\N\N4	=3(gb\0H;\?JN8	\@\}1^sĆjz\n<=4\0\M2?9\\J\"9?z$P	Iip>\0^+\\0,g!\=~\OJ\h/t\0ܿ\?Ґ\\?\ON{f\\R15f;;\zi@2ǥ)\'#n~=\0f\\\T\\:?\*\\Y\\^}1ߥ!r3GZ\\Z\)\0/\\#\Ҫ\WG;$Ё\\9;;\C\A?\#T\+r&\)&]\w\ٚ\\\\{֒x^q\>3S\rR?\.F\\y-\\=G8ߒx\\O\r\8TRm\\Q\\s\\\\995\"G&8 W@4@\/1?\\X1\?f\\\\\0\Dn\5\.`|O.\}Ga\͡#\#(D=\eӭLe!A\S\\\\"8r,O\&V\Zw-q\\!`w	`i	;SOACvr\n\\tc٢Er\\<Q\x\\0@\'\%;p)v\8\\)\\\da\~\I\!\0\0&#zф\~Bޠ)a|q\<L%ۏҀ(q\ `\V~@>h\\\Zd>Xt\܂)\&\Nɜm\)>\Zd\0\AsĚ.PI>)pzl\~\r\08y00yq\<Q\e\u	#T t\R\=pn=I\,N\\\0T\|\\ 	_l\x@x\S#g 	W8\0\0M2\\~y\F\0\\u\Z_1\<)\\0=\'\cy\0\08w\:u\\=O	\Pu\\"K	+,zh&y8\lH\\\R{9\ԂWt\\s\ҏ7\\\[|ӿZ)\Ł;\=K&\Nx\"!LKc$\3My\۟\\\0ir\A!?rA\\]݃kJyf\M8\0\Wy\7\0\hR_\5pё-J)j)\3<\?\8\YW!\"/6s\0L\5F]r|\(F3T:E*mғm ј\3\F	\0a\#\\\\fu#寵1<)qz\ު_x\\bV/l)_`q\Iu0\\u\\J5uKZ;qE\0Ǜ\'\ZԮ\rT\T.$\'4\\cgȖASUG\FcDtT\\\s!Ob)|\0\"\h\kWW\'F?@+0YS\H#\)DY,4#\'\\jAcӚb4G\\}H\\w\\0\j<<%)D\NZg;Ryg\\l8$dN}G5RR>\0/?ǚ\0sg\hI\ޛ\\AJS@\Z\ڴ-\Xv\h<ⴓNfѪf\3\'PrOoZЌ\\\]\b@LV!O\'`j\CX\T\ZrON$\\բ\Z/\i\]ڼ3F$B:\ZlM\Z+C#\u/\j\o\;\o ::W\rG\rW\\\ݲK\FCPhyo\sÇOF-=\\V\0\q\L@8\ю:\Zh@yǵ.h\~8\IQ@\\4H\\A\p>\8${Ґ\Γc\0\0i\>\҄qO~4NQJ\M\'\09&:\0?\Zh\3\M1sOҏ-\\@#82(\z^ֶ\\B\[1\0\nF\y?_\+\%\0Z\ZC\Z\N\n|~5\\p\Z[X\2Qc\<\C\^zQ7y\Q?~2<\0:p7\\0\010p&p2i?t?\\y\T\)\]\(9qG\0$\\0\0\0<\!6J0qn!|H\(\|}ÊdI\\\<\\1\|`??8Lu2qӵ(S\i\0q@\uF\\g\g\"?;C@\\C fd\QA<p~\\\\!u\\)\\9J\\95\]\ħg\u\r)1y\\Z<\?$\PG\_\HdS*{\&(B	Iy=\>B\4y\h~0\q\qGp7h?\HjD;Ñ\x\n*Tߎ\\<Ѽ\\\Nx\0\\0I\Fx#Ҕ\3ק\0E\ǎ#\9$\\! &j_/(\NZp20>\)L.=&̐x\WHL*8\\\?!*Б\3\Gd\\\0p\\,}\,׭6I	L|\4V-?SRKns̀PqQ\O0O\Ԃ2\\x\1h\0^D\	D7l\֘`0s\@ߎh@Bt	>RL\\y\,\\`\r\0Lc4/G@|sOa?}3ޤo\	NEJDN\@<oA\iDf,s\?\Z=c\y4ӏQ\\0Ww/\<\n_*^ao3\0rF\q3AR@\'끌P-\F\\\ڏ!\rN:՟}\=A<C?+s\@\!\aGٞL\\\L\L\0j\23\\\sL}h>\0J\ҵ\\A6ʐ\ڳ>̑|Q\Enb\6<D_?h\UT\0?j˗]V\6N\\\\0X\0B\\'К9WP\Y_TQBp\j\\_\$#В\W\"~\0\'ާ;A\\f̅\SdC\VǔG=\G5ǖApg\0ӄoHw;i?J.+Ż*z[O\U\\jR\\}(X\\z<ՂA\9\0s\+\428\\AFO3\Mٞv \Zb\"3\i8\#۳E\\#98\\ҞA\;\0`wB1\@c\\\)\zTSJTz\p	~pw8Lc\R}\\\\9rx5\i\\>.y8(8\k؀\ѯ^\S\$\(\Z:LhrY\GSzO\\'̞&\\\0o\~G	i\\\a\i&уm:l\FOAWt>5\.\\%̑·<Vwt\\y%{[\$Y?Jn\\\\\'h]FZ3$}G\'ީ՛k\dԲ\\78Z\'m#1=zW1hI\'h؟\]l\G!چ@y\{\Ȕ8\'\\\Z\\>Ki\"}BA@\]Hs\j\\myw\Gz\J\8\\\=\\ips\U\0s\BgF2q\\Z6(\=\8\?\G֟ \^;\ZvR\ɲ#$g\ ɭO\2v\\1\Ѩhc|\Ƞ\~s\Vo\岾\BB\\c\Uù\\4j\b9\zԟ\OּBrNq\^hX?Z[\\48\\\}T\C||\@8\9#\̜Hdb =sF\\\IM\0\0\0\0uǭ($KKL\@J::~\\\0\"斐u4\0j9\\A4\S\s	r0k\\ǨN9\ne<\\\efu&\'ok:Oq\0\<q\Qh\;0E=1Nr)N\0;A\\&\<SQ\JFssR\m\a<c\\\Pd0{\,9x 99sϥE\:F>Gj\\r?\\<UpP\\0N)\;\\sۚ\0t\\0Q\4	\0Ɨː\\]r7\sN1_yN\M\\1\Z㎔#\\Z|0\H\<*/;dȘZey\0p\0N\@ρ)tt<y\HP\'\\}\DNx>JG*\c\gd\ӌS}@7p1s\I0\\ޣ\p:t\\0yD60Nѿ\'\0^m\a\>*s\P}	4\"\0痔c҄\\\\C<TyL\\\\q	@|\\=\Hdy\Rl\}\J\\"c\\0a6\£\=I*\\\\|R\dB\Uv9Q=\,\WA皋ʄnO|K˳<1\\.%3b\\4\0\\?\u\G\S\0 \QX<}qKy\\\r$ȋ=@)A~xAߑ\ޤ)r\5G\\\\"X\g#\w\'?*=%\$J\>֐ʎ;\}8,\\\T#}\W\0?\\n	\\\' 2E_2z*9&}\s`R\\zX\w\ԯ\\ǵW\0ǩIkqIz\"\0@osNB:})A\\G}j<w1=sR\Pnz\nb#8\8?p㞙rK\E\H\E\0DLgF@+ܑq\\'8\'4\0:\c\\CSp	?@t\\\O\0\Gi\0\\?\ZTC\Ι9/N2x9	6\СÑޢ\CNA\h\i\>\XZᬵona\\qZؑӽki@3\_\\\Ӎ6\08a\+	\PkZb_BLq\0*.\>iNqkB9K\0\Ïnjφfs\ZaFpjƕ5\\SYM5\\k\]okT\ \E>\\5I4v9\!\6MvmH\2`^n|g2j2mٚ<\\W\5kmosq\ܠd\{WYH\Pt\q\\\"c1˕\v=Y\r15Ilu	#?)\Qګ|\~u-j3LrH\0<Vn_\8Gcc~}+S\jk[i\m\73\\\\O\r\6&;+]6*mP}`~T\+=\\_F;\i\-2\a%\\0\CoR\bnȭ\\?.\(\OH\*LS}\r#񽩏P\xY\Ŀc\\\\\\|Yhn)v\	~}|\?RѢzL\\\\T*{+捇ئ\w\\ڤQ﹄dP!\>sRتRj6!\T_XӶȿZ\	2t\\\ZΝ\\r\'Շi)\C4\\ް\0߳Qf\\l˸r^\sT\\ʹ\\ftfӪnbBb\\pr1SdtRFQ\0-(\\\1|R\0\0!\i\>_qMiÔ)Nr:zN\0\nu\Z3\ֹo\\3#0\]HϽr 8՟\\\֢\\s*~pa*7 rz\J`*n+RW)\n\\j\\\Z\\ASv\*.s\=A\##g\'\I\n\9\\nc*305\\n2(,v4?!<\0b})l\\\0۽Vw;:9LS`\ڡT~r펜i\p\)\\sHF\3\\/ɜsQH\x\,	\޴h(wϔ=?\vڣf\\	\GhP%	zm\'z\|H\\0%1ʎ{RyePo59>q$v-r\\6tmBKrC \^Y\\\\<5>1x\0n.kWDSfJ\E93\z=ب5$\8\ԣQʃ4q\:^=\P-\OCђz\\\yۈ\?v\\rScnG\wk{{wS\[\Uf\\\e\S\>s؜\0J\0JHg5\\\\6L\UϤ\\+G?%\\\0\pc\G6#$\<\\<d\oK\\\"^:eH?@|3ƸY``:~\)r1!=H\4\NI!ZxUa-\\0Z6~3\#\E]oS\O\Hq\Is\y\3(\DJ͙\?~)\\sJYк9\A\A8\~H#\\\oJ0E+\\_a	\'qQH\={0\' g+$X	1^z\2~&㜾Ң\"3Ԓ)\	sU\sԨ_LR`	\\\M;\?>\w\4@\\\"̇J\\\\R\ԄFp\\\\f9\={P\\b>\?\ZG\\0{\p#1{Җ94\N:&}%P\\I ~ذy\Tԧ\\\Ɍy?JS\	LߎR~\f$\q\'op@#GS\y4rq7t벲\m\C ɮ)vsZ0\v4\\(F=j\F\\_\0ϥM\	8n\J\]݄dr:\e\]\I\1\;ºɎx\T,\\j{\\\xI\vsV\:t\\'R楶A\\\VQ[YҸ\5\W#\\z}kbKodU9\",r8Y\}ug\o\#84j\\0R_\݀\\$\^Wd4\T\7\'өߓ\0*CsҌ\=)]d\\\0\\\\j?\\\n\51 \~4\\,<\3u\0\CL\\0\G\K\G)h.O֜w\@<})ß\00m\3\N)9\րN)`y\<)$\@\n#.\8<u\'=s\<t\4 \j8zK\Pm\M[\W3\?\}\SsWtL\\4\\\\TLa\ҴG2Y˶yǬ֯\\#\l\8cr\"~{\\|/ӥP\r+>~\\It\>Iy\hq\\0\\5*}\.A\zѸc9\h\i|1b\Gqֹoj1\R>W/\/-\53\p\\L\\0J\\?¢\\\dg5.q\\\<\nU< O r\\CsR\A=\P  \p1\\¨ç\N{gE\IR\H?\0^&9(s\Z\0\CZC\^\I!\\'i>AxqX̃\\ߦ;u\Y!䑏Phs\\'hP\c \4ȋ\OC\*\e1#\\\	\S$d\'~sւr3\ZĄ.L0\W/n~Qk#c\tX.Rv8\?	˃\\v_K\\\_ʮ[H\\\z׃ӳ29\C\'<đ$\Wga\J\j#[Ŀ\Z|\B\l\\|\\\ʝ\\7\0,4\#\01\p}\ɔ\o\"	S KUc\rJUӯΜP7B:\atn=<UCV\a\줕dV\ƃ\5\S4wfi!<\\5-ؤz\\>(ai5\Y\\\A\\J|uQښi(bt\r\\\\E\0W{)?\Y\7\!U[A\mO\\+FV̆ND)\v~\\K\0VY\\zޕx1yu\\kK x\pk\Z]\\\b yAJ\c\})T\c\Ґ\\0\Gޣ0\\ʀ!(\괔\=\	Q\\{T/\&HڝhFq\RD?>Vx\ Ԧ\\h\O\!\"9SPn$ԠE\b(\0G\uD|P|\\s֥F\\\\A޻o\P\0\n\x?\\OCkv\\$gJMi\\\\$myl\\\WG\ZD\"D=`R\\[\sC<bH\Z\0SC9\\\ZԊ\1/a\M[KJ\A!Կ\\trF\Ѻw5㐹!wg}Y^w$\Sే8\a\RQ8欩pv\Xֺűy9\'ҶH0\i2A+\\֩\\r֮\,p=+\\r=)q\'c4\\d\<VEͬHeQ\]\{{\S<pjl=\{v\nC9<ֆc\u\Za\Q\ǭri\z\q:QԊ\0_\;\c=\\0Ҕ\4z3N~\\>zJO,sրA٤,I\\Zq^y9ǵ8 \=\\H\0}8\M1ϦH9<P\0N;QRcjC\\0H\0\p\Vw?\J\\S*\1EX~P\Ocr͇ <g8*\@#9E\*5ԎfP&1\sK\\90\LϽ;4\;4pq\M\\N)$\)\0<`t\\^g\|R;$8&\ڹ\c}\X8\nk\\\ڟÆ\=(\08c&$cӯY8\sHe<°7\Z\at0pYs\A4\\8>fGӷ\R6\S\\NKǓJzcT<\*QhOYF\}yNq\|nfq\xV׆)\\,\\\Cmon1\rq\I6CGoM&P\\'V^|\#\\]vi3U\G39\0\5\QhE\\2.O4rkW4&\KX!1좬ff\LDd\P\3Mǽ2(\\)\:Q@\r\\K99\ii\q@\?5ScPr?ɩ߁\*:\0\-iǱ\\VmL<\\6iWDD`0A\C\r\±\09\MzͼWPnbIb=U\ErZ?{7Xd?7\{5\r\!-\EIo4\\\'^/\0>Y\\!Pʜq)\oL̳\|_\"-M|\0D1$N$G\:\\F[>\\|\qq؟k\\\<wh`\\Y_\֚m\'FF)	\\\\\izm\+\Il:\%\\\0@AO\FAȢ\\\dy\\K\r*\.eq5a\SO?БH]\0TC\47$\\'/\b\0\"<g\\n\M\\NLC\0x\x5DQ!ϽdqH9~\iX}HY\\\\\\u%Q\\0?{0<f#+yʋ`sRc?j4[E4L`t\\F\\<\@sRRy~\g\0\NLP\t\\Rg<p:R\\\>\\7Z%̑)\0\{]76\uhIĀJQ*低Rք]\Ewm%\9:q\\\U\\mד?$\\V]BaK\{Q\R\\\\\9\"3@\F2m6\J3\V{\\ڦT\:U#5H\P\^\aaݫ]y*~q\B\I:\Q\0\d՛y0	TQʒ\Rm\>oQ,$\Z#\"\0}+jva \:\"Sl|\%\n\+<\Zundhg=zS#Fc0\\=\\s\S@\\F=(Ϩ\q\\\ \I*{aR9A#\\b|~FA\'ԃ\ҟ\\Ԍ\/~4\\0B\z\\\ґ	\N\ץ\0\0\㨧\'ӥ7u:T\04\\\G#>\ \\ր5kNB\0\\R[\$7+(1y\Mn\'\ßD\\7\5k4W70K	\%Ǹ8\kKԎf3\\\\Z1T!9 \qGJPh\0`x\0Tf D\\;\\s篽OQ\zV7\\ojS\\V\a2t\n\0JlT70|\\\\*u9}k3p	\Mor	\J\\L|\0Zo@}3\gy\\<S^R`3\̄\`\L\\QN0G\)\>\Y#\ \}OF\n@\1ؚf\n&L\\\\\\3U\]ݿ<b@>ֺ\q\\\/ڀT	G\Q\Mieo\'ҝEP\\n6zN<p\=)\*uJ\-\@Ԥ\Z\0u~\'gP^`\,i\\|\.\0NN:I\\'OT7\8\0m\SY;\:\0	=#?g\I\08b\\'\\@^\~\	a\M4vV\\\ܚ\\\ː\>Iv˱\=[\\D\\HĊrd\Z\\U\MJc\0?.}\RAxIt1\Sۏc5-*\Tm\@,_OˉAo}	\Bk \\"\	S3u-\r3P\\\r_KV\\@.?\nް.\W\"\N!=~us\GuTw4\0s\"!\?v:~\2x\Pk2\9-\fqVw\H\\r\Q6^u\4I&sG[*YF\?\u\'+U#\qo1\\\ҪjsxcE4\0GV]&\\%Le#>`\6J8\G|d\`yi\\FI\65\Wv\{x同&\\0\S<~֢>2>\\[V\\m)-LkNd/\ sԎEG\\j4ou\0;߼7T\P_\-c=	Ya\\CO\m\/\\?*W-GK\C5Xǖ?ư\0=\\]od\0N<|\\ g%\W2w?esK(A\3\\J\3Jzv\@\nj@8G\~ɀ%\n_#<b9\\\F@A\qҐ\t\j1\9Ԋ{$\y\NOl\n`08\H~\I\Z<|zSZia\\\n\\-\8E\\nD9#sM[t}\G\\i\7\8\b\\N$B*\CQ<\0\b8뚽\}VbB0\\x5T\r)LGt$zR\\r\\EßǲO\(Z\\\9\\n5\*9f&;\6ij*sSqAne$\\[ގ\+.;Jgq\\0}[NݛSH\0Q(_Sju-.\_d\j$\7rk\Zص\F0k\rΒ9<\0\\=s\XQ\\\\\\U8\{MRd4_\'~\:iX\iq\ps\ZًO8)f\0\Pl4\gY\ҰfH_\8r>4ղ\;s\0֦\$Ȯ3\O<?\|f\I	#\*zV=\\g\_0;\Z\j\Vt\WC})3o\4\gs,Q\\#\\IۦiqȠx\\\{R۷z\0\ހ#$\n\0F	\du\w>\\{sZCҙ#\\\r\߷\(\5\\\\-մS\Y@=Eq\tE\G\0s\ԟAT\z(L(KLSAd\\\\\0~\"\0wzs\0Z\:҆{J?kIҳ<I\0 ү-\.h8\f0 \'ެP㚫$r\\\sqd\0G\Q<{\{yc\0\?(\`S<\\N{ިD\8\T\S|@? (z{H	!5\\b\\\\^\'\\W\hY:\/I\z5\\\\5\\|\\\q\j70\\*\\ni\\\\ $2dFwtR<Y3哒<\rpOo !\\gק49`mIX?\*$BxH\zsʙ{{䚓˘\`~K@J\_\00\\\0\n-J\Ƙ#4\g>aLw$P.x\\4\\\B_հ\>TE\nR\4\0Iq\8y\0\\([bɍq\}51&q\p\0\n?xI\_\S`*ÜFFfG\\h\\b;\cƋ%\\R\\\`<\ݵ\G>X\`qM\0\yLJh\\JE\0ߟ\nxL6\+\}\jW\Up\vP}j\I		$t|L\nUŮ$>2I1\rKmw\ɎA*h\\\1i\n\J@2HA9QPd\$\\\zg&;唯2\1\0=\0Z9V1$</\'\T\"\q\zT\\\$8SMsj7\(Cr\˃*\\|\|\̫\e~\ҵ5m\Z\VUPa\\"\0V\>\uRԘ\0F1\\֦0\\+\2\Lcn\;\V\'M\0S՚C\\Ǡ\r+~\0\Ow:O}SP\\'&<\޶M\qZeΪ3\ۥ\V5\蚌SDFb\I\\Y\\\RB#/\9\\n\7\{ՐNp?JM\D\bgrd3\.bq\\\[5\\Z\2\\\_~>q\KrKIL3\$.:SC\Wq\z$\0(c\\\\+\i/\z\\-0(\\0(ă\ӄьy\L\\N9\\i3\\is!\0\n\\?*<\\J\00O$\\&yeRN2M1FG#\@\֡\\<S]K9T\0\D\\'4ͤ=\\\0Ld<M\O\H\0Ҍ\֮xJ\OoG\\Ed?.=q\\bkE)\\=6\=.\\\K$y=}j\8՘FL5!\Zn)\\0LR`)ԠP6y\\\ެc\6\P#]mwJ3\0?zzB\\[FAmtI\\sj\"\!$!\@y5̥\,W<\\ҳP6u\r+\N\Qy\D:B;\\<S\\]C:H3GOΕN vFx=sެFr0GJd\0=j\\\\F\ @\ȸYNq\\Vl5p6\з+\Z\K\A5J!o0PG#>\s\i\\\\Ӑ`\\\~ys\Q-\cRH5b<\\3\\4tq&;ԃq\?51xt?IB\梐9\!0\S\\N8#\\\4\G;`\j3\48\qSx\z4|\>Dm鎵\\Gm;O\0\\\Ü+@#\A\"Cxin*\bX\f͋z\6\ss\V\\Lf7|]\Z|س\0:_2,\0\/\zT2\d\\\N\r\Z2?\\0>6F\\-5F:!\'1|\M[/(sKA\MMs󁎣>@\{\!N1\(س8\\'\0\?R\ƺ\'\0QC\\=I\\\p^H\0\sɎ\k\&2J@TCE\\֥\yļ\R8\t\\9C\\%\=iDrAY\jDZD\OHs@\g#\S\&Y?\ \095\x\ZP󐲁{\N=Uic5a\y\MY\MDC$\H,8\0+C2#	\0b$q\N\0Hp:\x\\0\}&\Hs\@\q\#\{Tpq\d`~?\0O\\"up2p=\;\'ҫ\"\#\\dl9w\Il0%9\gXw7\\\AӚS\Z\\\\%0\0\	\槍|\(\0ҁ	i4\n@(H\ Ɲ\@\Hc\yFuK\Ȓ\U\\ǽUqj\O(J\9@q\a΁2p\7\\\Vj\nFp\\\~؝\q?\0˼ǃ\\=遣ED.pV$?\}}3RR\0(\rbj܂#V)\\0eG?Zܪ-\Ik2p\n<\t\\lb\3`\7g.O\S^x~\SL\\\\_\q*_Ƭ\ٺ\=귘ʫ\D\\v;\$\Π/$y7lfcAG\"\\?\3\:\\L\5jLN:\8kI9\~\9\nmLa\ZF\x{~&\g)`	f\oN72Q3\'\\\Z>&\\0\0#e϶\3m{\[rۗ\WGa_\[$R[=\C\VM7&Y?x\,`OֺK\{\g\r\\7\Mi\Sd\n\U\I\\?_y\D\'\߸Ѓ\\$A;\{Ԧ\r\nC\3)\O2tH\?\i6u\=\)\'~tX\$tҨ:FE\08\\A\i\mO\E\0!qGP\)cSH\\I\\@܀c?/\4.\\PB@BG`\'Jv\#l\L\_=Wgtg\\~U\\\1\n@Oyk7\Y!:\/E\\M0\\43M4)#\"S\E\'n?:\0:ucTL@id\0U\SŶs};ݤ\TF\#i\\iJJHr\ri)(\ޛ\Vg\ڳj\NO\$\09l\`n#\rQ$K<ӆA\#&#=K\g\'@>u8 8\0GZ!\'$x\\#6?mʐH8\\G/}J\Fy\c\֭\\$\\\Ͷ!nЪ\Ҍ\4Lу\\Zl>\0S9^&1E4ꦌI\\\r+\\l\4\\0?&5\'@F)\dJ@y\\\zv\ӚLF:ipI\\\"\"#MH8\\c/~c\o\GE\\;\ҹ=~\hp\2\{G\"?\$9\*~\sړ>=vS|?\\\0<\ns`o?==i	\'\FFʒ@H\9\(\Nd\\<c\\0>\:R\V~\\W3ݏb0G!\\ؑR\x昞d`wgҚA\k\˷қ垸\aA?\3D縠b\\h	w8\}2\\4Ŝdt\"ǔr=N	4\\X<]*Qx\"HN@̐x\0?|{d*\\3\ڟo2Zj >T\\i=P~0w?$\xi{\9\\\9ȭLc4\52p\ |	9Up]K.\ܨv+\1y\P<e\\'r`>\T\\\#\\_\*x\$\\Z\0)W\q,F\\Hrc\'\SagyҏE\0&G\PJA\J~\$\n=A\FT\\\A\Gzo\-A7ٌ\0|@# \bB9(>4\%8\P硨5R\\q !Y\i\\0:\;t\\6\/\\8Q_|nLmʟ6ky\ZO2)p{򿇥s~51>cdϸ\iCt\0ȎC\\Zw\䌢\0A\=\\TQE\0\7g\\0:\Z\JZ\DbD\\\}h\0G0\8\yUR\\\R\\p\A  \sl\\0^C\\\ZN\n)\0-S\c\ý#HK8\\?c\\ˈCZnrG{k\ 7\j\L=\.\0b\\e\0\\yq\$mSPL΄\l\99ԇv5lN\,\\\s\&\VQ \\R\D=\\\@^	\ \W;=֒O\bJ<<?Jc8z3\^\\0Ąpeoc\0u\=\Mw\'@x\M7\\~|~U&NG#s\\"0}ԞY\05(w\'\\n\(>2*]\<X\\0G\!\ԅ03\\Rdl\\ j\0T\G\O9`\W\#Ьn㿲\.A?{Φ\"\n\\J؊\\=\0\\aZs22*3RM\")\RcրӀ\\ҀM$\'\J\I6X%\"|\\\k\\\QȺݟf(i\`@r?Z+\'6o$s6\\cr:\*:\nq \\\J6ET]\Մ#F\U\0A`pjx\\\;Ƨ\F0xʔ_\01\Ȭ\\c\Upg>j;\\Oj\\CV\\\\'zicH\1\\U{\=\קC\)\$\\ޟÌ7czP4\p\q\mh\\\\պ\\e\OqY\00}A\\UdO(Mb\9\\< \\0\\PN4!\4O4\0\\u`\g@7\'\\\\㓌Wmζ\Ρ\0W\'9\QH\S\\K\\0:\\o;\JIq\c4\\I\cg\񏩩=\1\i@\|\JCJ:Pz\\0x\\x\+\m*z\\<$$ z\nx@\C\yy\\Ɛ\Gs\8\\0i\\\dC\\R\\{\p\1\=\\bxOJa{u|B#qpP\j\nq1£\\\\0rz\$q\\;R\"r\\G7M\TrfH\vzS\\פ\M\0=!S\\X\\qH\\u\LJ\4V\\l0y\\K	/\\\\a\ϭIc]u⇍\\\0~T! u S<\=2\AND\0>@@R\C\\n8\}6YfY1\\\0\pKGlҕ(D\=*\\\ɞ\"\pN#ku\'H\qҫq(M\H\Je=K6\FjW]\!>_8\\0]\*J\d\\W\'\0US+\IK\NY\^}{\z\>\\>\O\ZgW\Z`a\=\\V}\Ku-\d/\Z\\.VW\\fa\\TК0\u	\\?\#\Ƶm~GT<Ise\r\,6I\\\Eդ\oWU\!VE\Dw?9#9_q޵#%̉\!\*\Zh	)(S\N-ɫ1rSғبnA*\Zsڲ\}ަ^ъ\3f\UA+\'Gbnu\\{Ѹ\\K\'\0J\۳of\IoPf\\\\Z\j\m3X\K,yS\0רr4Q6\\0.\0\]H\'X\\yILz\0Siz3zjNhFrka	D\0Vy\0T\\)\ާx\(!<\P\\*MqO-\8\\000\\\rD\8\鏩 \R1,cє>)#\0\z\\\sޚBc)!\\ޥ\\oWݘ)΀ t\\֛=\W\N:b2rpk\\\\\\z0\0(<֟\\Hy.1އ\؉4\)\\888=O.\Z\\+c=)\/Z-8\n(TS[yr	y)ߝH\\?\ћpABy`\\zS\R\\\\\!un3J֤A\QXdJx:\\~1\Cҭ3OZI\79\ZJ\\l7ڣ+zZʭӺ1jé6\L\r\:dzSqTm|v%ޙ\"\\\5t \IL\SD?^#O\>¤A\B2A\\\;\Ng\\*\Ќ\9M\3N9)\j\ƿ2#>B\\D$\'\\0\բ\=\88\0\c4` Ԥa\\e\r \d\<׎\\_Λ`3 =+C\U\>dt\\"ݵf9\R2#:\*i{\\xL@	\j\lfQE\0QI@)riz\\0MMqPE\|f}i\\[Q@H\T}l~\"s\K\YP\Y\8\ְ\\\DG<`wR9VLR̈́SA\0\n+\#`?\P3/\Z\\&:S]g(\?jI =\zprp=)`gS\KԌj\0O\09Ur9xA\\0\\p\Y&lOe?Һq\$dm?^Wn\0|Vc\'E\?\*?\A\8\\\RI\\\08鑚kܠBy S[-\?\\\SH/\\FO\jn\o(T\_,\I(\@3Qd\\\a\\+?8\\\0NnS2qP\\l3\qV\r,dcRQ\䂀̙#\Y̕\\Nr\K}\0&8rS# c.\$\H\9\?ӎs\*\؉@\%+\ZB\Q\`3\9Ck$\N|\0*M6м_ild\sjWW\\*R\ʜIa^\0\X~ \j\\d\qY|\sZ\\\\\e^\v\\یM=O\\\5P1+\}\ZU\7p\>[vv;]=\<Ik$ֱ\\h\\\r:~\֟/28\{5w\l\Z]\}\J_,\\`~fR2hkE/aH8,>\}+C\EΓ\\Rs?\R\)2˴\0{iniVE\Jֵ&;xdS\R\}a]\e\0\7\\5.Ԋ\R	n#OSI,\"\0\\\Zw#\dt\c\\\i1cO\0\mx}\G\<\\\L\nkA\TQFq1Dy<1u+\\c??x\\Y`:)%\\\XgFfHN&qY\:U\\}jl;\t\S\n\#	\\q\MyrF\Fd\\n\s\44֋\0\\\Q`ĵ<$\)\I\.0#HHp*BG٤)\Lђ{b\PH\ց\<SDx\S\i\*7\)\\'ހ~>\0\\\\\Iq,lA{\\0v\RTY#\\\\n\D	\@LG\\~2\Z5@KKL1[8Y~쑐\rGm$X\,ј\tЌj\G#t<@5٩]v\NMI܌F8Y\0d4t=yPFRAa1ڹk\cirGU>ۃ\UuK?[~\~>cPvdI\\\E22f\\\:\\\Bi(|\ҥ\s1MY|\\LE\sׯ\R\OI3UېF:K|l\\)\bon3\Ѓq\Jb&0⦱0\S\0Z\(q\\N3!\=zTubӳ6\Ul3\'\H\W-S͛c1(\!WN\JwW\" \z@2:S$8A&v;WWee	O\?]z\ں1\\\G\kZFuH\.H\1S ~2I#.KH>\\ڤa?v.}\\B&v\7\픠?tm\*e߰}ʬ[oF\0[\@\r>G|l\\q@\n\\zsR\/ɟ\|Ɓ\0-Aﶝ\!\'>o!\q\҄\TzP\ۆ\0_#5V+`\۞+OSSt>\O~u\\ֹ\B*ߒyʜH\c?,`\r\\_\ڐ\0\\'\\8櫽#1ʧ\1N\\0=+,I\.\_>؝%pi\q֮ț躏?\\J.A @ǥT c9f\\\Y\<\<F?Sa\u\jVu<g\px\kY~\tZ\~W\ݽ\5\\\\𼱘\g։rèd \\VmA.:\\@\UT	wq\\\.s\\n)\m\n$t=H˔BeG\0\O ğhw\\Ҁ% y|nOZHKK!<\Ctl\\ҙ.ۂs\'9^n?3y|6f\q\~Tx\%\w\0䓞{\ \Sw=\ZRqH2ic\|\X\\q\P\\{C#}j[-\"+?:\Zʹ\J& tn?\#\\\^ kiV\s!\'f\0j܊\%(#\\c	_Vk\'ʬ\gx\\sۀ?\Z`?\)d$Mm\Y7Zr\Zni\Zm\\HI Xwz\\\f\j\O.B\1z֖}=R4#=\eO͔\n$/y\'\0\ˌ\ͥQ8HE#\\41\'<h:\HMx8U\ʅK\a\\\e\\CYΟ\si*\z\	\'/gW^%^76=tQQ[\́\m\?+7pGny5q\9\Z\\\\\%ی\C$\?S+oRM\\?{\nd5\k\\\萕&Y\?\\B=j\\y:\弯rڝ\&{	#n\b}k)\C&h\Ri\6\w&Y\BG\\\\O\JEǽa{3{]\\ur\fV!atyt- 2c-\Gh9\n5\\A;(MK\Z2]\9\\'$\\J\*R3\\k{+\)\?J<~\\<PiD\MH3\4FO\?<= \PJҞ;#ߵ)<rց\\5\';\8.E\0G\\S\֥\`wϦ)<t\\4ӆ\}\0|\Z\\n0\\\\&1\\QOƘM&\٤(;~\0/JRm8\)0\vO|WC૯/PՏ\_\}y:ta\]g&)\4.(\<Ɩ3e\\\9Lg \\*}r-m)$\0\@v1O\qӧM;˩Leː6\7ddw VseRu\\p=g ;\þ3J㌎\'NO=)I\0w恘\Zէ7\\\zˮ\VXZ7V>\\\A+F\GQ[E\\He?2*$6\POCLE\8*x\\ҩ\'>\f7$zU^x\\JB@\2E99=\X\8\~\eczW㑟	G\v\Vլ\e\\ˉq\v8ظ\\\42t#֢n͜\n1\G\IsK7?\nS\0qrt\qWAt?xG럐\<\n\ѱ\\\\{ִ&Œ\(\>mK$~\9\5\\Ĥ,Ce\\\\r\?4Gx\\O(zzT~\\\^3\0<\J\0<\(>\\\\0\1Nδ\1\\08v\A\6fv!\8ۀs@\7$Ş\X\c<z\\"c\\a<Ӑ8\{P\rXڇ^he@kW^0&s\:8$\P\\JOΘ\q\\\suW\\\8\qcڛ8\`\M`F*Ff\UY~\Eld\'4\( FkE*+\\z**\n:Ҋ*,}\k\0?AE\$\\r>)Kd_\ݪf\09\\0d\'iI\?Z(\\0\M\0POz(ƉAREcMUQIna\\\u 3ފ+G_\eEIג\H\֊+U\\\\0Uk@&+F(\R?w\Fj\\a+CQ \\l?\ʰ}\0+\\^U9:C\E,\\\0\~QXL\Bj\\\#7t)T\\SVcjW\<\n(\0\0p6\n(	c\03\QE!\)<QEu5]\\rSBd\&p>P2\\u\M\}h	\)?*)\E\0!EM\*QEjf:E\0 Kb(֑cm<st?J(%\QҖ)x\QE\"W;\0񢊸nD(vQZ\NNQLD\\Vc\h	G26}*H\\?\4QTI7z_\\E\G_\0PߢC.xx\2q\\Z}\1؉\C\0\*/\E:{M*\n?՞\gM\0Y.=O\İ\Ҳԟ\\'\0ѷ\0x(A%\0\0\0\7sV>\0+؂2x:uJ(`\',2,1,369,'1 omda st from fasel talbya','6 of Octobar','Giza','','12588','','01061690939','01061690939','01061690939','123'),(13,NULL,'Dakrory Company','Ahmed','Dakrory','ok@gmail.com','65885e3d26a6d069fd6cea25754f3ec9','2019-05-26 19:19:47','2019-05-28 21:32:33',NULL,2,1,369,'1 omda st from fasel talbya','6 of Octobar','giza',NULL,'12111',NULL,'+201000349430','+201000349430','01061690939010',''),(14,NULL,'hCompay','ahmed','ok','pok@pok.com','903cea2f132533edf82ac92fe543043a','2019-05-26 20:59:31','2019-05-26 20:59:31',NULL,3,1,336,'12klkmlkmlkm','1lkmlkmklm','giza',NULL,'123',NULL,'91290129012','132135165','93188238','32'),(15,NULL,'man ','man','ok','mailCustomer','7b5212d938fb1823eaf902b638cd242f','2019-05-26 21:19:25','2019-05-26 21:19:25',NULL,3,1,318,'lklkaskmlas','lkm','mkl',NULL,'lkm',NULL,'mkllk','lkk','kml','lmk'),(16,NULL,'ok','ok','ok','ok','51018d9e9093222e9b2df2163f991e1d','2019-05-28 17:16:13','2019-05-28 17:16:25',NULL,1,1,472,'ok','kok','k',NULL,'ok',NULL,'o','ok','ok','ok'),(17,NULL,'Zewail city','AHMED MOHAMED SAYED ABDELAZIZ','ALDAKRORY','ahmedsonic1993@gmaijjl.com','47837e404bd36a18a7a2e34d6ee588e2','2019-05-28 21:08:08','2019-05-28 21:08:08',NULL,4,1,369,'1 omda st from fasel talbya','1','giza',NULL,'12111',NULL,'01061690939','','',''),(18,NULL,'Zewail city','AHMED MOHAMED SAYED ABDELAZIZ','ALDAKRORY','ahmedsonic1993@gmadil.com','7a6bc4968b7b3edbfaf5968bf87b3b29','2019-05-28 21:10:24','2019-05-28 21:17:40',NULL,4,1,369,'1 omda st from fasel talbya','1','giza',NULL,'12111',NULL,'01061690939','','01061690939','ok'),(19,NULL,'Dakrory','Ahmed','Dakrory','ahmedsonicd1993@gmail.com','127ff2bc5cf7b33582ee6e58771794b0','2019-05-28 21:10:55','2019-05-28 21:10:55',NULL,4,1,369,'1 omda st from fasel talbya','1','giza',NULL,'12111',NULL,'01061690939','','',''),(20,NULL,'Dakrory','Ahmed','Dakrory','ahmedsondic1993@gmail.com','9bc6b626d46e610412c5f8b5b0472f56','2019-05-28 21:11:53','2019-05-28 21:11:53',NULL,4,1,369,'1 omda st from fasel talbya','1','giza',NULL,'12111',NULL,'01061690939','','',''),(21,NULL,'Zewail city','AHMED','ALDAKRORY','ajkkajkjkadskjjkjkdfd@gmail.com','2421ffbe45d738ebe3f43eab15c97c19','2019-05-28 21:26:49','2019-05-28 21:28:00',NULL,2,1,369,'1 omda st from fasel talbya','1 omda st from fasel talbya','giza',NULL,'12111',NULL,'','','',''),(22,NULL,'giza','mohamed','Dakrory','ahmedsonic1993@gmail.com','318b81e2676bfa31fef002d452c509bc','2019-06-17 15:23:11','2019-06-17 15:23:11',NULL,1,1,369,'1 omda st from fasel talbya','1 omda st from fasel talbya','giza',NULL,'12111',NULL,'01061690939','','','');
/*!40000 ALTER TABLE `user` ENABLE KEYS */;
UNLOCK TABLES;

--
-- Table structure for table `vendor`
--

DROP TABLE IF EXISTS `vendor`;
/*!40101 SET @saved_cs_client     = @@character_set_client */;
 SET character_set_client = utf8mb4 ;
CREATE TABLE `vendor` (
  `id` int(11) NOT NULL AUTO_INCREMENT,
  `userId` int(11) DEFAULT NULL,
  `idType` int(11) DEFAULT NULL,
  `other` mediumtext,
  `notes` mediumtext,
  `allowAccess` int(11) NOT NULL DEFAULT '0',
  `parentId` int(11) DEFAULT NULL,
  `salesRep` mediumtext,
  `idNumber` varchar(255) DEFAULT NULL,
  PRIMARY KEY (`id`),
  KEY `idUser_idx` (`parentId`),
  KEY `userIdx_idx` (`userId`),
  CONSTRAINT `datashipping` FOREIGN KEY (`parentId`) REFERENCES `shipper` (`id`) ON DELETE NO ACTION ON UPDATE NO ACTION,
  CONSTRAINT `userIdx` FOREIGN KEY (`userId`) REFERENCES `user` (`id`) ON DELETE NO ACTION ON UPDATE NO ACTION
) ENGINE=InnoDB AUTO_INCREMENT=4 DEFAULT CHARSET=latin1;
/*!40101 SET character_set_client = @saved_cs_client */;

--
-- Dumping data for table `vendor`
--

LOCK TABLES `vendor` WRITE;
/*!40000 ALTER TABLE `vendor` DISABLE KEYS */;
INSERT INTO `vendor` VALUES (1,12,1,'','',0,15,'dfdfdf','d232323'),(2,13,1,'','',0,15,'','dsdsd'),(3,21,1,'','',0,15,'','');
/*!40000 ALTER TABLE `vendor` ENABLE KEYS */;
UNLOCK TABLES;
/*!40103 SET TIME_ZONE=@OLD_TIME_ZONE */;

/*!40101 SET SQL_MODE=@OLD_SQL_MODE */;
/*!40014 SET FOREIGN_KEY_CHECKS=@OLD_FOREIGN_KEY_CHECKS */;
/*!40014 SET UNIQUE_CHECKS=@OLD_UNIQUE_CHECKS */;
/*!40101 SET CHARACTER_SET_CLIENT=@OLD_CHARACTER_SET_CLIENT */;
/*!40101 SET CHARACTER_SET_RESULTS=@OLD_CHARACTER_SET_RESULTS */;
/*!40101 SET COLLATION_CONNECTION=@OLD_COLLATION_CONNECTION */;
/*!40111 SET SQL_NOTES=@OLD_SQL_NOTES */;

-- Dump completed on 2019-06-27 16:14:55
